id;session_id;user_id;title_phrase;heartbeat_verse;observation;core_insight_category;core_insight_note;scholars_note;action_plan;cool_down_note;created_at;updated_at
24b5ac06-3a02-43e4-b960-081289a3a864;83de0b7f-6899-44d7-9b07-9cdd7890a4f4;d4bed1d6-7cb8-4d34-b1ad-cfe8b8a63505;給我鵝子的叮嚀;"「你要全心信靠耶和華， 不可倚靠自己的悟性。」
‭‭箴言‬ ‭3‬:‭5‬ ‭CCB‬‬
https://bible.com/bible/1392/pro.3.5.CCB";所羅門;PROMISE;不可倚靠自己;無;跟神禱告;;2026-01-27 14:56:13.100178+00;2026-01-27 14:58:37.241749+00
5a3a3ae7-a790-4b15-a494-9f7cd838bf80;126aa9d7-3a21-441a-bf51-0c97f6cf96ce;04c417ea-1ed3-4669-b28a-9fb671ef4e6e;從灰燼中重生;這是我今年最需要的提醒;注意到人物的轉變過程很戲劇化;COMMAND;這個發現讓我重新思考信仰;注釋書提到當時的文化背景...;;;2026-01-27 15:28:14.379399+00;2026-01-27 15:28:37.419001+00
7003be14-3261-436a-b486-be5c462b061e;126aa9d7-3a21-441a-bf51-0c97f6cf96ce;09f14429-a11f-4c51-a78f-6b50e3d3d1a7;信心的飛躍;這是我今年最需要的提醒;看到群眾的反應和耶穌形成對比;;;;;;2026-01-27 15:28:14.379399+00;2026-01-27 15:28:53.703465+00
b43e10b4-b269-4f7b-84ba-7c2a42b2ab05;83de0b7f-6899-44d7-9b07-9cdd7890a4f4;ad753017-560b-4367-b13c-0fcbe3faaf85;不要忘記父親的教誨;神的慈愛和誠實如項鍊係在脖子上;兒子跟父親的關係：神的慈愛與誠實，還有命令，會使我們長久並且有平安。;;"神命令我們不要忘記祂的教誨，並且要把祂的慈愛與誠實，謹慎地保護在我們的頸上還有心上。

這裡有一個警戒：我們很有可能會疏忽、很有可能會忘記神的慈愛，或者是浪費、破壞掉它，就像一條脆弱的項鍊，所以我們要好好保護。

此外，我對神有一個新的認識：神是一位非常愛我們的父親。";馬唐納注釋提到，一般來說順服父母的話會活得更長，這也應驗了誡命的第五誡：就是要孝敬父母，就能得長壽。;"我決定要更謹慎地保護神給我的愛，以及祂的慈愛與誠信。
";;2026-01-27 14:56:05.51207+00;2026-01-27 14:59:48.811535+00
1db9ed4c-f4a0-43a4-99ac-7a891e5e0e72;126aa9d7-3a21-441a-bf51-0c97f6cf96ce;68d11cda-5b3f-404b-9672-908ce4d7e17a;愛的冒險旅程;第五節讓我心跳加速！;看到群眾的反應和耶穌形成對比;;;;;;2026-01-27 15:28:14.379399+00;2026-01-27 15:29:03.363308+00
ce1dee66-185d-435f-93b2-05085a22c031;126aa9d7-3a21-441a-bf51-0c97f6cf96ce;fab578f3-d63d-42ac-acbe-87c85d6ae4b6;愛的冒險旅程;這句話深深觸動我的心;發現神的信實貫穿整個故事;WARNING;原來神的心意是這樣的;學者們對這段經文有不同的解讀...;這週每天早起10分鐘禱告;今天的查經讓我很感動，想為家人禱告;2026-01-27 15:28:14.379399+00;2026-01-27 15:29:03.363308+00
b87e81c2-4573-464f-8aa9-f43dd2d6d63f;126aa9d7-3a21-441a-bf51-0c97f6cf96ce;edcbee11-78ba-429e-99d3-2a1b661a0e90;恩典無限供應;這句話深深觸動我的心;看到了一個勇敢的人面對困難;WARNING;這個發現讓我重新思考信仰;學者們對這段經文有不同的解讀...;實踐一次服務他人的行動;感謝小組成員的分享！;2026-01-27 15:28:14.379399+00;2026-01-27 15:29:03.363308+00
ce206517-36e1-4f5f-ac55-cedb235069b2;cb123728-bd4f-4dd4-ad7c-68881156e6e7;586de844-a9d6-4b70-88de-2cf9d13aea5d;sdalkfjlakjflkasjflkasdj;salkfjaslkfjaslkjflakjasdkflkadsjfl;ldkfjlaskdf;;aslkfjlaksjflskdajflksadjfklsdajfklsdajfklsdaj;asdflkjsalkfjsalkfjsaldkfsaldkfd;asfsadfsadf;;2026-01-27 10:39:19.120415+00;2026-01-27 10:39:31.734984+00
17a5901b-a043-4199-a1bf-115698b9dd9f;d7bd7da5-8ef2-4c06-becf-01bc80a88916;e06afe91-69d9-4e9c-838c-9e4561a84b29;信心的飛躍;第五節讓我心跳加速！;看到群眾的反應和耶穌形成對比;WARNING;跟我以前理解的完全不同;學者們對這段經文有不同的解讀...;這週每天早起10分鐘禱告;感謝小組成員的分享！;2026-01-27 16:08:41.479529+00;2026-01-27 16:09:06.061123+00
8d0e545d-3a23-4150-b200-6e3a8529659b;c76fe9c9-f2c1-445c-abc2-fe9bede2c2a1;4de5c612-7ce1-438f-af22-322508c86dfc;從灰燼中重生;這句話深深觸動我的心;注意到人物的轉變過程很戲劇化;GOD_ATTRIBUTE;跟我以前理解的完全不同;注釋書提到當時的文化背景...;這週每天早起10分鐘禱告;感謝小組成員的分享！;2026-01-27 16:43:16.031481+00;2026-01-27 16:43:18.663561+00
60fe3634-1790-4b15-8211-c42e66c50df9;d7bd7da5-8ef2-4c06-becf-01bc80a88916;a4095876-58c1-45e3-b2de-c1b38b2c7d6a;恩典無限供應;這句話深深觸動我的心;看到群眾的反應和耶穌形成對比;WARNING;這個發現讓我重新思考信仰;學者們對這段經文有不同的解讀...;找一個朋友分享這段經文;下週想繼續深入研究這個主題;2026-01-27 16:08:41.479529+00;2026-01-27 16:09:06.061123+00
15023fcf-c91f-49cd-bc5d-19c85de5f16e;c76fe9c9-f2c1-445c-abc2-fe9bede2c2a1;81992839-552c-4d18-87d6-094af07fdf42;信心的飛躍;感覺神在直接對我說話;看到了一個勇敢的人面對困難;PROMISE;這個發現讓我重新思考信仰;學者們對這段經文有不同的解讀...;實踐一次服務他人的行動;下週想繼續深入研究這個主題;2026-01-27 16:43:16.031481+00;2026-01-27 16:43:29.634172+00
2acec3c0-db0a-4615-a748-10b8f42e6ce3;d7bd7da5-8ef2-4c06-becf-01bc80a88916;bc6a4e3c-b503-4417-85c5-c18b7bfd558f;信心的飛躍;這句話深深觸動我的心;看到了一個勇敢的人面對困難;WARNING;Feeling the burn on this verse! 💪;注釋書提到當時的文化背景...;;;2026-01-27 16:08:41.479529+00;2026-01-27 16:09:06.061123+00
16f646d1-5f3a-4f72-85c1-756798b118cc;d7bd7da5-8ef2-4c06-becf-01bc80a88916;a2d4fd5a-dcc7-40b4-87f2-d4a464c6c2d9;勇氣的代價;第五節讓我心跳加速！;看到群眾的反應和耶穌形成對比;GOD_ATTRIBUTE;這個發現讓我重新思考信仰;注釋書提到當時的文化背景...;;;2026-01-27 16:08:41.479529+00;2026-01-27 16:09:06.061123+00
70d6b073-183d-4caa-be7a-3aae34db45f2;d7bd7da5-8ef2-4c06-becf-01bc80a88916;fe9beb70-5b2c-4ae1-a04e-bbff51ac25aa;逆轉勝的故事;這是我今年最需要的提醒;注意到人物的轉變過程很戲劇化;PROMISE;原來神的心意是這樣的;ChatGPT 說這段經文有三個重點...;;;2026-01-27 16:08:41.479529+00;2026-01-27 16:09:06.061123+00
84405d17-139f-4243-82ff-efadd3c8d286;d7bd7da5-8ef2-4c06-becf-01bc80a88916;992d716e-5ef0-44cd-97a7-3b984f7980ae;勇氣的代價;這句話深深觸動我的心;發現神的信實貫穿整個故事;GOD_ATTRIBUTE;Feeling the burn on this verse! 💪;ChatGPT 說這段經文有三個重點...;;;2026-01-27 16:08:41.479529+00;2026-01-27 16:09:00.008925+00
ce512f27-5ab8-4856-9c04-204332b02250;d7bd7da5-8ef2-4c06-becf-01bc80a88916;e5dc424b-cf30-4e39-9ec7-e4c9e41aa46c;從灰燼中重生;這是我今年最需要的提醒;發現神的信實貫穿整個故事;;;;;;2026-01-27 16:08:41.479529+00;2026-01-27 16:09:06.061123+00
dae88412-9ccd-47b9-93c1-12ac50d0cf0c;c76fe9c9-f2c1-445c-abc2-fe9bede2c2a1;feb72f07-9ae5-4ccc-9954-fe19aac46319;逆轉勝的故事;第五節讓我心跳加速！;看到了一個勇敢的人面對困難;GOD_ATTRIBUTE;原來神的心意是這樣的;ChatGPT 說這段經文有三個重點...;實踐一次服務他人的行動;下週想繼續深入研究這個主題;2026-01-27 16:43:16.031481+00;2026-01-27 16:43:29.634172+00
7a9a25ae-afa0-4678-9c51-70e3085b0a7e;d7bd7da5-8ef2-4c06-becf-01bc80a88916;0142e41c-d78f-44d6-b734-ffc317ed43b1;從灰燼中重生;感覺神在直接對我說話;看到群眾的反應和耶穌形成對比;COMMAND;跟我以前理解的完全不同;注釋書提到當時的文化背景...;這週每天早起10分鐘禱告;下週想繼續深入研究這個主題;2026-01-27 16:08:41.479529+00;2026-01-27 16:09:01.813985+00
1aa16f40-95d5-49e1-a25c-08db5ee83bec;c76fe9c9-f2c1-445c-abc2-fe9bede2c2a1;b492abe1-4797-4c35-8ab4-484f46920eb7;信心的飛躍;第五節讓我心跳加速！;注意到人物的轉變過程很戲劇化;PROMISE;原來神的心意是這樣的;注釋書提到當時的文化背景...;;;2026-01-27 16:43:16.031481+00;2026-01-27 16:43:27.869061+00
631c4843-1914-4ba1-9342-a483065b6d4d;7bd622e6-4e61-4167-96e9-067c0559b19a;99c0246f-f895-450e-93ff-0e0c097f2d0f;恩典無限供應;這句話深深觸動我的心;看到了一個勇敢的人面對困難;;;;;;2026-01-27 17:08:21.94157+00;2026-01-27 17:08:32.191049+00
9b812252-acf7-4b2f-8c8c-c4a8f15033b4;7bd622e6-4e61-4167-96e9-067c0559b19a;8683ec7c-57e0-4d8a-a2fb-30259df2c882;信心的飛躍;第五節讓我心跳加速！;看到了一個勇敢的人面對困難;WARNING;Feeling the burn on this verse! 💪;ChatGPT 說這段經文有三個重點...;寫一封感謝信給神;感謝小組成員的分享！;2026-01-27 17:08:21.94157+00;2026-01-27 17:08:32.191049+00
f6c3acd6-330f-427a-97ed-a424f831c3f4;d7bd7da5-8ef2-4c06-becf-01bc80a88916;98491877-8037-4671-b9ca-0fcf4485ed27;愛的冒險旅程;感覺神在直接對我說話;注意到人物的轉變過程很戲劇化;PROMISE;這個發現讓我重新思考信仰;根據 Google 搜尋，這段經文的歷史背景是...;;;2026-01-27 16:08:43.573766+00;2026-01-27 16:09:01.813985+00
f25c04ec-44d4-47d3-aaa2-b12ea1bf4d20;d7bd7da5-8ef2-4c06-becf-01bc80a88916;a740a270-6efc-41c5-b929-9a9a41b3bdd7;逆轉勝的故事;這句話深深觸動我的心;注意到人物的轉變過程很戲劇化;;;;;;2026-01-27 16:08:43.573766+00;2026-01-27 16:09:01.813985+00
40fc1a6b-8e70-4833-88e8-634d66eaa19e;d7bd7da5-8ef2-4c06-becf-01bc80a88916;20786583-5281-44aa-9630-94411563a4a8;從灰燼中重生;這句話深深觸動我的心;發現神的信實貫穿整個故事;;;;;;2026-01-27 16:08:41.479529+00;2026-01-27 16:09:01.813985+00
e4746657-d9a2-431f-8359-757035f8327a;d7bd7da5-8ef2-4c06-becf-01bc80a88916;2b413668-02ef-4972-9c55-931c9808a1c6;勇氣的代價;這句話深深觸動我的心;看到了一個勇敢的人面對困難;GOD_ATTRIBUTE;跟我以前理解的完全不同;根據 Google 搜尋，這段經文的歷史背景是...;這週每天早起10分鐘禱告;今天的查經讓我很感動，想為家人禱告;2026-01-27 16:08:41.479529+00;2026-01-27 16:09:06.061123+00
0cdfc591-2c7e-47f6-93c6-4f7395315988;d7bd7da5-8ef2-4c06-becf-01bc80a88916;189e29b8-738c-41ea-b46d-98cfb6f4a9e5;從灰燼中重生;第五節讓我心跳加速！;發現神的信實貫穿整個故事;WARNING;Feeling the burn on this verse! 💪;ChatGPT 說這段經文有三個重點...;;;2026-01-27 16:08:41.479529+00;2026-01-27 16:09:06.061123+00
f17ccd95-38e4-4e48-b67e-eb62d15ab17d;d7bd7da5-8ef2-4c06-becf-01bc80a88916;4cef7069-91ee-4a3f-acb6-fb7634d380ea;逆轉勝的故事;這句話深深觸動我的心;看到群眾的反應和耶穌形成對比;COMMAND;這個發現讓我重新思考信仰;ChatGPT 說這段經文有三個重點...;;;2026-01-27 16:08:43.573766+00;2026-01-27 16:09:06.061123+00
3653e5c6-b834-4cdf-8bfc-ffe4f8421563;7bd622e6-4e61-4167-96e9-067c0559b19a;0217cb80-69a2-43e3-acac-43d8a43a03dc;愛的冒險旅程;第五節讓我心跳加速！;發現神的信實貫穿整個故事;COMMAND;Feeling the burn on this verse! 💪;注釋書提到當時的文化背景...;找一個朋友分享這段經文;發現自己需要更多安靜的時間;2026-01-27 17:08:21.94157+00;2026-01-27 17:08:32.191049+00
b7f838dc-339a-442d-bb87-15bae8ee8961;126aa9d7-3a21-441a-bf51-0c97f6cf96ce;dc696c02-eab9-4b23-871c-cc61eda3f128;信心的飛躍;這是我今年最需要的提醒;看到群眾的反應和耶穌形成對比;;;;;;2026-01-27 15:28:14.379399+00;2026-01-27 15:28:53.703465+00
b07f6d05-adb4-4d76-946e-fd039a202011;126aa9d7-3a21-441a-bf51-0c97f6cf96ce;dd879d20-5871-4c30-8022-89eb6e818010;逆轉勝的故事;第五節讓我心跳加速！;看到群眾的反應和耶穌形成對比;PROMISE;這個發現讓我重新思考信仰;注釋書提到當時的文化背景...;寫一封感謝信給神;下週想繼續深入研究這個主題;2026-01-27 15:28:14.379399+00;2026-01-27 15:28:53.703465+00
0f7d20ae-d4ff-49ae-9108-7e60f9d0feb5;126aa9d7-3a21-441a-bf51-0c97f6cf96ce;a695ae4e-ce48-489b-9165-bf8efa47fdab;信心的飛躍;感覺神在直接對我說話;發現神的信實貫穿整個故事;;;;;;2026-01-27 15:28:14.379399+00;2026-01-27 15:28:53.703465+00
d2d0251d-0e15-455e-a0b4-6e1875ad47f2;126aa9d7-3a21-441a-bf51-0c97f6cf96ce;0aeef28b-c118-42b1-b4bb-a9d135b6b85c;恩典無限供應;感覺神在直接對我說話;看到群眾的反應和耶穌形成對比;WARNING;跟我以前理解的完全不同;注釋書提到當時的文化背景...;實踐一次服務他人的行動;今天的查經讓我很感動，想為家人禱告;2026-01-27 15:28:14.379399+00;2026-01-27 15:28:53.703465+00
52049c09-f591-4dc9-b042-04ceda10d856;c76fe9c9-f2c1-445c-abc2-fe9bede2c2a1;22734d48-14b5-4644-b3fd-fea2188fff5d;恩典無限供應;這句話深深觸動我的心;看到群眾的反應和耶穌形成對比;WARNING;跟我以前理解的完全不同;學者們對這段經文有不同的解讀...;這週每天早起10分鐘禱告;發現自己需要更多安靜的時間;2026-01-27 16:43:16.031481+00;2026-01-27 16:43:29.634172+00
2c296d1a-a8d2-4f89-8d3c-87665726c12c;126aa9d7-3a21-441a-bf51-0c97f6cf96ce;df254c99-78b5-45ff-9cb2-1eb4c9e1b522;從灰燼中重生;這句話深深觸動我的心;發現神的信實貫穿整個故事;GOD_ATTRIBUTE;跟我以前理解的完全不同;注釋書提到當時的文化背景...;實踐一次服務他人的行動;下週想繼續深入研究這個主題;2026-01-27 15:28:14.379399+00;2026-01-27 15:29:03.363308+00
92956328-5b08-46c9-834f-089df1636e12;126aa9d7-3a21-441a-bf51-0c97f6cf96ce;adb21ba9-25ff-4cd5-af64-5c21fa7e2cb9;恩典無限供應;感覺神在直接對我說話;看到了一個勇敢的人面對困難;WARNING;這個發現讓我重新思考信仰;根據 Google 搜尋，這段經文的歷史背景是...;;;2026-01-27 15:28:14.379399+00;2026-01-27 15:29:03.363308+00
8ad4e9f0-609a-4612-8471-299b983ff4c1;126aa9d7-3a21-441a-bf51-0c97f6cf96ce;26822d29-2871-47d3-b635-39725bffa1b3;逆轉勝的故事;感覺神在直接對我說話;發現神的信實貫穿整個故事;PROMISE;這個發現讓我重新思考信仰;根據 Google 搜尋，這段經文的歷史背景是...;;;2026-01-27 15:28:14.379399+00;2026-01-27 15:29:03.363308+00
54fdddb5-3967-4d75-9ea9-4f91b15995c5;126aa9d7-3a21-441a-bf51-0c97f6cf96ce;81e23d0d-1f41-44ae-9101-a4b5df4b372b;勇氣的代價;這是我今年最需要的提醒;看到群眾的反應和耶穌形成對比;GOD_ATTRIBUTE;原來神的心意是這樣的;注釋書提到當時的文化背景...;;;2026-01-27 15:28:14.379399+00;2026-01-27 15:29:03.363308+00
0f73c3fa-43da-4992-9f0a-383e190913d8;c76fe9c9-f2c1-445c-abc2-fe9bede2c2a1;aacdccaf-d456-4e8b-9e5b-471a322f03f0;恩典無限供應;這句話深深觸動我的心;看到了一個勇敢的人面對困難;COMMAND;Feeling the burn on this verse! 💪;注釋書提到當時的文化背景...;這週每天早起10分鐘禱告;感謝小組成員的分享！;2026-01-27 16:43:16.031481+00;2026-01-27 16:43:29.634172+00
07892d11-ee26-4fc8-bcc7-9ec7617d94a3;c76fe9c9-f2c1-445c-abc2-fe9bede2c2a1;9c511f30-9690-4ee1-8fe2-1333ddafbb98;信心的飛躍;感覺神在直接對我說話;注意到人物的轉變過程很戲劇化;;;;;;2026-01-27 16:43:16.031481+00;2026-01-27 16:43:29.634172+00
8acbf30d-246b-4d2c-bfa3-5f9ae5b5101f;c76fe9c9-f2c1-445c-abc2-fe9bede2c2a1;1b541f11-9fe7-4752-bcef-725d575c2946;逆轉勝的故事;第五節讓我心跳加速！;發現神的信實貫穿整個故事;PROMISE;跟我以前理解的完全不同;ChatGPT 說這段經文有三個重點...;這週每天早起10分鐘禱告;感謝小組成員的分享！;2026-01-27 16:43:16.031481+00;2026-01-27 16:43:20.797158+00
c6a1af8e-4d0c-425a-ac48-7201b7caeedf;c76fe9c9-f2c1-445c-abc2-fe9bede2c2a1;ae0f587b-bac7-481b-ae7e-0cfdc64a66d0;恩典無限供應;這句話深深觸動我的心;注意到人物的轉變過程很戲劇化;GOD_ATTRIBUTE;原來神的心意是這樣的;ChatGPT 說這段經文有三個重點...;;;2026-01-27 16:43:16.031481+00;2026-01-27 16:43:29.634172+00
896323bc-4b07-4ebe-9142-5945aa0f7fa0;7bd622e6-4e61-4167-96e9-067c0559b19a;efe90a89-15e6-4afd-bf14-fbda9f6a4539;從灰燼中重生;感覺神在直接對我說話;發現神的信實貫穿整個故事;GOD_ATTRIBUTE;原來神的心意是這樣的;學者們對這段經文有不同的解讀...;找一個朋友分享這段經文;今天的查經讓我很感動，想為家人禱告;2026-01-27 17:08:21.94157+00;2026-01-27 17:08:32.191049+00
87e9ea9a-ebd7-4343-93ac-51aaaa29b79e;7bd622e6-4e61-4167-96e9-067c0559b19a;80bdf398-cf0f-4fe5-b69b-416eb3ef3534;逆轉勝的故事;這是我今年最需要的提醒;注意到人物的轉變過程很戲劇化;WARNING;這個發現讓我重新思考信仰;ChatGPT 說這段經文有三個重點...;這週每天早起10分鐘禱告;發現自己需要更多安靜的時間;2026-01-27 17:08:21.94157+00;2026-01-27 17:08:30.693829+00
b0f4520c-a0fb-4ac5-a895-141df9e0d72e;7bd622e6-4e61-4167-96e9-067c0559b19a;927d82fe-106b-41d0-adf9-63135d155691;愛的冒險旅程;感覺神在直接對我說話;發現神的信實貫穿整個故事;;;;;;2026-01-27 17:08:21.94157+00;2026-01-27 17:08:30.693829+00
59fe439f-9ab7-4efa-b362-be041c48a5f0;d7bd7da5-8ef2-4c06-becf-01bc80a88916;838c0ecf-5c57-4772-9a78-b06c8cee76dd;從灰燼中重生;感覺神在直接對我說話;看到了一個勇敢的人面對困難;;;;;;2026-01-27 16:08:41.479529+00;2026-01-27 16:09:06.061123+00
e88cf313-b4dc-4518-9dea-972dc26fb23f;c76fe9c9-f2c1-445c-abc2-fe9bede2c2a1;e9942726-a2e3-4850-8e00-1d15a1ae35aa;逆轉勝的故事;這句話深深觸動我的心;看到群眾的反應和耶穌形成對比;PROMISE;跟我以前理解的完全不同;學者們對這段經文有不同的解讀...;;;2026-01-27 16:43:16.031481+00;2026-01-27 16:43:16.031481+00
10e6762c-9297-435b-983b-b768a760e371;7bd622e6-4e61-4167-96e9-067c0559b19a;3ececca1-778a-45bb-9460-6083857d1afd;從灰燼中重生;這句話深深觸動我的心;注意到人物的轉變過程很戲劇化;WARNING;跟我以前理解的完全不同;ChatGPT 說這段經文有三個重點...;寫一封感謝信給神;今天的查經讓我很感動，想為家人禱告;2026-01-27 17:08:21.94157+00;2026-01-27 17:08:32.191049+00
ecd1e5d9-dd7a-49c8-8e53-d23d9dddc9e9;03ad48a2-45a5-4f90-8e21-b263afc52cf1;65ac1680-58d1-471d-9800-24e1d5a59ee2;恩典無限供應;這是我今年最需要的提醒;看到了一個勇敢的人面對困難;GOD_ATTRIBUTE;跟我以前理解的完全不同;注釋書提到當時的文化背景...;;;2026-01-27 17:37:11.385382+00;2026-01-27 17:37:12.888571+00
b41d6fba-4051-4157-aa04-585fbd2b5e09;7bd622e6-4e61-4167-96e9-067c0559b19a;2548faf3-efe5-409f-ab5b-14433ee462f6;愛的冒險旅程;這句話深深觸動我的心;看到群眾的反應和耶穌形成對比;WARNING;Feeling the burn on this verse! 💪;注釋書提到當時的文化背景...;實踐一次服務他人的行動;感謝小組成員的分享！;2026-01-27 17:08:21.94157+00;2026-01-27 17:08:32.191049+00
a3cc25ba-6040-4b51-8cc0-ffe5c066d676;c76fe9c9-f2c1-445c-abc2-fe9bede2c2a1;d2deb071-5858-45a6-a56b-2c231123e1fb;從灰燼中重生;這是我今年最需要的提醒;看到群眾的反應和耶穌形成對比;WARNING;Feeling the burn on this verse! 💪;ChatGPT 說這段經文有三個重點...;實踐一次服務他人的行動;下週想繼續深入研究這個主題;2026-01-27 16:43:16.031481+00;2026-01-27 16:43:29.634172+00
4a0aac0a-6141-4d39-85a7-7cbb27d1eaed;126aa9d7-3a21-441a-bf51-0c97f6cf96ce;4c8693df-7dcc-4a25-8b53-912e8f200a1d;恩典無限供應;這是我今年最需要的提醒;看到了一個勇敢的人面對困難;;;;;;2026-01-27 15:28:14.379399+00;2026-01-27 15:28:53.703465+00
faeadbcd-39ac-4c7b-9ba7-0da9777d75bb;126aa9d7-3a21-441a-bf51-0c97f6cf96ce;0214f12c-7155-44bb-8b7f-1df6687f6f94;勇氣的代價;感覺神在直接對我說話;發現神的信實貫穿整個故事;GOD_ATTRIBUTE;Feeling the burn on this verse! 💪;ChatGPT 說這段經文有三個重點...;實踐一次服務他人的行動;今天的查經讓我很感動，想為家人禱告;2026-01-27 15:28:14.379399+00;2026-01-27 15:28:53.703465+00
7eaa9019-160e-4680-8e91-c991427ec140;7bd622e6-4e61-4167-96e9-067c0559b19a;6c716118-c408-4e1b-8beb-9710a8e9d2c2;信心的飛躍;感覺神在直接對我說話;看到群眾的反應和耶穌形成對比;COMMAND;原來神的心意是這樣的;注釋書提到當時的文化背景...;找一個朋友分享這段經文;發現自己需要更多安靜的時間;2026-01-27 17:08:21.94157+00;2026-01-27 17:08:32.191049+00
0623c575-bb19-4f33-8839-bd719e192a5d;126aa9d7-3a21-441a-bf51-0c97f6cf96ce;85d2a286-f483-43bf-a9e7-a6cbd899d0c5;信心的飛躍;第五節讓我心跳加速！;注意到人物的轉變過程很戲劇化;GOD_ATTRIBUTE;這個發現讓我重新思考信仰;注釋書提到當時的文化背景...;實踐一次服務他人的行動;感謝小組成員的分享！;2026-01-27 15:28:27.530229+00;2026-01-27 15:28:53.703465+00
e3f8dde4-91bc-40ac-ad72-7c2695afc484;c76fe9c9-f2c1-445c-abc2-fe9bede2c2a1;e4868ce4-8b46-4121-a71e-42f8fe89a9a8;愛的冒險旅程;這句話深深觸動我的心;發現神的信實貫穿整個故事;;;;;;2026-01-27 16:43:16.031481+00;2026-01-27 16:43:29.634172+00
6ad6ca27-e240-44db-affa-2af238e0b507;126aa9d7-3a21-441a-bf51-0c97f6cf96ce;46562ec1-566f-4da0-83f8-fa8ff112eb07;恩典無限供應;第五節讓我心跳加速！;看到了一個勇敢的人面對困難;COMMAND;原來神的心意是這樣的;根據 Google 搜尋，這段經文的歷史背景是...;實踐一次服務他人的行動;今天的查經讓我很感動，想為家人禱告;2026-01-27 15:28:14.379399+00;2026-01-27 15:28:53.703465+00
c4499f25-e0d0-427f-a642-cffabe8f8f64;126aa9d7-3a21-441a-bf51-0c97f6cf96ce;e7e0cc71-72a2-4ef1-a6ea-885fbead1dfa;愛的冒險旅程;第五節讓我心跳加速！;發現神的信實貫穿整個故事;GOD_ATTRIBUTE;跟我以前理解的完全不同;注釋書提到當時的文化背景...;;;2026-01-27 15:28:14.379399+00;2026-01-27 15:28:53.703465+00
e0263c03-55ec-42f0-aaf5-df57ef375273;c76fe9c9-f2c1-445c-abc2-fe9bede2c2a1;e25e340d-0b36-4052-a0d3-12c427128d81;勇氣的代價;第五節讓我心跳加速！;注意到人物的轉變過程很戲劇化;;;;;;2026-01-27 16:43:16.031481+00;2026-01-27 16:43:29.634172+00
b56c0c86-6a17-4d39-97f7-365763739376;126aa9d7-3a21-441a-bf51-0c97f6cf96ce;c5d4ceef-3ea8-4c8b-bcba-45b5773519a8;逆轉勝的故事;這句話深深觸動我的心;注意到人物的轉變過程很戲劇化;COMMAND;原來神的心意是這樣的;根據 Google 搜尋，這段經文的歷史背景是...;;;2026-01-27 15:28:14.379399+00;2026-01-27 15:28:53.703465+00
8e242173-3626-470d-9b38-a1d83a147c5b;126aa9d7-3a21-441a-bf51-0c97f6cf96ce;647178ae-6bdc-4bec-826c-7ce6975f303f;勇氣的代價;這是我今年最需要的提醒;發現神的信實貫穿整個故事;WARNING;跟我以前理解的完全不同;學者們對這段經文有不同的解讀...;;;2026-01-27 15:28:27.530229+00;2026-01-27 15:29:03.363308+00
1a1cab0e-00e2-4ff1-af7f-1d93ea4927ec;126aa9d7-3a21-441a-bf51-0c97f6cf96ce;e8cba836-6add-45cc-aef4-7924939ab9b7;恩典無限供應;第五節讓我心跳加速！;看到群眾的反應和耶穌形成對比;;;;;;2026-01-27 15:28:27.530229+00;2026-01-27 15:29:03.363308+00
c0f4a0d1-e0f9-4a45-9663-dc6654b78ca5;126aa9d7-3a21-441a-bf51-0c97f6cf96ce;fccbb405-f37d-416e-9692-4cf3770c081a;逆轉勝的故事;感覺神在直接對我說話;發現神的信實貫穿整個故事;GOD_ATTRIBUTE;原來神的心意是這樣的;ChatGPT 說這段經文有三個重點...;;;2026-01-27 15:28:14.379399+00;2026-01-27 15:29:03.363308+00
196293f9-ce18-438e-9143-7b349a312227;126aa9d7-3a21-441a-bf51-0c97f6cf96ce;a87cce86-2fe3-414f-a93f-161de4598b62;愛的冒險旅程;這句話深深觸動我的心;發現神的信實貫穿整個故事;COMMAND;Feeling the burn on this verse! 💪;注釋書提到當時的文化背景...;;;2026-01-27 15:28:27.530229+00;2026-01-27 15:29:03.363308+00
3cfe68af-e599-4320-adc4-666fb5546fb2;126aa9d7-3a21-441a-bf51-0c97f6cf96ce;97ee6302-2ec3-4554-8213-53f8567064d7;從灰燼中重生;這是我今年最需要的提醒;看到群眾的反應和耶穌形成對比;;;;;;2026-01-27 15:28:27.530229+00;2026-01-27 15:29:03.363308+00
e2e6630b-308f-426d-b86a-0f051b3e744a;c76fe9c9-f2c1-445c-abc2-fe9bede2c2a1;67074dea-eaf3-402e-a7e1-400908f05033;愛的冒險旅程;這是我今年最需要的提醒;發現神的信實貫穿整個故事;GOD_ATTRIBUTE;原來神的心意是這樣的;ChatGPT 說這段經文有三個重點...;找一個朋友分享這段經文;發現自己需要更多安靜的時間;2026-01-27 16:43:16.031481+00;2026-01-27 16:43:29.634172+00
7772a27d-8bb9-41a6-b173-4c74f572b944;c76fe9c9-f2c1-445c-abc2-fe9bede2c2a1;f10e6c89-7775-4170-b17e-0884f04fc119;信心的飛躍;這句話深深觸動我的心;看到了一個勇敢的人面對困難;;;;;;2026-01-27 16:43:16.031481+00;2026-01-27 16:43:27.869061+00
3180474f-6eb4-470b-a9ef-5f76e0b5e62b;03ad48a2-45a5-4f90-8e21-b263afc52cf1;354d567c-2f17-46c9-9904-d54cc6ceb0fc;勇氣的代價;感覺神在直接對我說話;看到了一個勇敢的人面對困難;COMMAND;跟我以前理解的完全不同;注釋書提到當時的文化背景...;;;2026-01-27 17:37:09.699121+00;2026-01-27 17:37:13.830609+00
e52d7d13-9def-42ab-bdc1-4c350c385ba9;c76fe9c9-f2c1-445c-abc2-fe9bede2c2a1;da7db0be-cda2-4d03-8e20-af8ce9bf91ca;逆轉勝的故事;這句話深深觸動我的心;看到群眾的反應和耶穌形成對比;COMMAND;跟我以前理解的完全不同;根據 Google 搜尋，這段經文的歷史背景是...;寫一封感謝信給神;感謝小組成員的分享！;2026-01-27 16:43:16.031481+00;2026-01-27 16:43:27.869061+00
8fee50b3-57e5-4abb-b00b-cca84146b530;c76fe9c9-f2c1-445c-abc2-fe9bede2c2a1;df01a223-57fd-4e5e-865b-34ec61ceac3f;從灰燼中重生;第五節讓我心跳加速！;發現神的信實貫穿整個故事;GOD_ATTRIBUTE;Feeling the burn on this verse! 💪;ChatGPT 說這段經文有三個重點...;這週每天早起10分鐘禱告;發現自己需要更多安靜的時間;2026-01-27 16:43:16.031481+00;2026-01-27 16:43:29.634172+00
10bd6a99-546d-43c4-96b8-fe8da3c36b47;126aa9d7-3a21-441a-bf51-0c97f6cf96ce;9f47c1e9-5e05-4c66-adbe-6df653d046e1;愛的冒險旅程;第五節讓我心跳加速！;發現神的信實貫穿整個故事;;;;;;2026-01-27 15:28:14.379399+00;2026-01-27 15:28:37.419001+00
ded27505-451f-4ef3-8b98-f943f22bbcc3;126aa9d7-3a21-441a-bf51-0c97f6cf96ce;33e682de-5d85-40df-8dcd-8ecc608cf7fb;恩典無限供應;這是我今年最需要的提醒;注意到人物的轉變過程很戲劇化;;;;;;2026-01-27 15:28:14.379399+00;2026-01-27 15:28:37.419001+00
5c3ec376-43fe-427e-9c57-a71a5223c48f;7bd622e6-4e61-4167-96e9-067c0559b19a;a68d106f-ab7c-471c-9de5-c08403f5f8ba;信心的飛躍;這是我今年最需要的提醒;看到了一個勇敢的人面對困難;COMMAND;Feeling the burn on this verse! 💪;根據 Google 搜尋，這段經文的歷史背景是...;;;2026-01-27 17:08:23.889105+00;2026-01-27 17:08:23.889105+00
7a46857c-859b-47ec-8f0f-448df2c82b77;53f0309e-7cf8-4cfe-99c2-2c958e4bdc80;2b60c26d-616b-4533-abb9-1001e7129cb8;耶穌順從上帝心意;豈不知我應當以我父的事為念嗎;凡聽見都稀奇他的聰明和他的應對;GOD_ATTRIBUTE;耶穌以上帝為念，也順從地上父母;無;以上帝的話為優先;順服;2026-01-28 09:07:32.914222+00;2026-01-28 09:11:06.424709+00
13f6c9b4-8a3e-4e7c-8a90-9d69afc0c162;7bd622e6-4e61-4167-96e9-067c0559b19a;c660c2ac-dbaf-4a1a-a981-43d10ec9d517;逆轉勝的故事;這句話深深觸動我的心;看到群眾的反應和耶穌形成對比;COMMAND;Feeling the burn on this verse! 💪;ChatGPT 說這段經文有三個重點...;實踐一次服務他人的行動;下週想繼續深入研究這個主題;2026-01-27 17:08:21.94157+00;2026-01-27 17:08:32.191049+00
4054a36d-02e6-4c70-b00a-a7d19955795a;53f0309e-7cf8-4cfe-99c2-2c958e4bdc80;f8408069-2ca2-4698-99c3-74e1414594ce;耶穌12歲的事;52節 耶穌的智慧與身量，並神和人喜愛他的心，都ㄧ齊增長;耶穌爸媽找不著，直回到耶路撒冷殿中;GOD_ATTRIBUTE;以我父的事為念，撇下擔憂;無;更多默想神的話語，好更明白聖經;;2026-01-28 09:07:12.477549+00;2026-01-28 09:11:51.357961+00
a0837cd4-8906-4ea3-9b88-a64568883173;126aa9d7-3a21-441a-bf51-0c97f6cf96ce;5115413b-56f8-4f05-8fd3-8ee6b78187d9;信心的飛躍;這是我今年最需要的提醒;發現神的信實貫穿整個故事;;;;;;2026-01-27 15:28:27.530229+00;2026-01-27 15:29:03.363308+00
292d25ce-c7b6-4e5d-afc8-8e7a892c747f;126aa9d7-3a21-441a-bf51-0c97f6cf96ce;b1d60794-aea7-49c6-9a3d-c056154ee7ce;勇氣的代價;感覺神在直接對我說話;注意到人物的轉變過程很戲劇化;PROMISE;跟我以前理解的完全不同;ChatGPT 說這段經文有三個重點...;;;2026-01-27 15:28:37.419001+00;2026-01-27 15:29:03.363308+00
2c2abacb-cd6a-44f8-a3ef-869bf4a77358;126aa9d7-3a21-441a-bf51-0c97f6cf96ce;1b5fb9b1-eb02-4c2b-9376-3643fc62bf74;逆轉勝的故事;第五節讓我心跳加速！;看到了一個勇敢的人面對困難;;;;;;2026-01-27 15:28:14.379399+00;2026-01-27 15:29:03.363308+00
b3eeb9ab-a1c4-42ec-8b65-9d1ab51a1f2d;7bd622e6-4e61-4167-96e9-067c0559b19a;f1110292-7b8d-428c-9c3a-5c57df9b6552;從灰燼中重生;感覺神在直接對我說話;看到了一個勇敢的人面對困難;;;;;;2026-01-27 17:08:21.94157+00;2026-01-27 17:08:32.191049+00
0ca3ded6-91a3-4a7f-be03-5d139b62a474;126aa9d7-3a21-441a-bf51-0c97f6cf96ce;7dc4bcfa-cae7-4e80-9378-fb1f39c88792;恩典無限供應;這句話深深觸動我的心;發現神的信實貫穿整個故事;GOD_ATTRIBUTE;跟我以前理解的完全不同;注釋書提到當時的文化背景...;寫一封感謝信給神;發現自己需要更多安靜的時間;2026-01-27 15:28:27.530229+00;2026-01-27 15:28:53.703465+00
ce3e4a10-5911-4bf5-8bcc-d4f43abae7d1;126aa9d7-3a21-441a-bf51-0c97f6cf96ce;b9b2c1c0-f4b1-4b65-b080-12140c715ac4;逆轉勝的故事;第五節讓我心跳加速！;看到群眾的反應和耶穌形成對比;GOD_ATTRIBUTE;Feeling the burn on this verse! 💪;注釋書提到當時的文化背景...;實踐一次服務他人的行動;今天的查經讓我很感動，想為家人禱告;2026-01-27 15:28:14.379399+00;2026-01-27 15:29:03.363308+00
e6c7db8a-3f39-481f-ab1c-c68262e7a2ca;126aa9d7-3a21-441a-bf51-0c97f6cf96ce;eda8e126-409a-40fd-838f-93c0c53146bc;逆轉勝的故事;第五節讓我心跳加速！;注意到人物的轉變過程很戲劇化;PROMISE;這個發現讓我重新思考信仰;注釋書提到當時的文化背景...;找一個朋友分享這段經文;感謝小組成員的分享！;2026-01-27 15:28:14.379399+00;2026-01-27 15:29:03.363308+00
bfcb7843-f8f1-44c4-88ac-cff157767cb5;126aa9d7-3a21-441a-bf51-0c97f6cf96ce;5b8db46e-54e5-4d40-82c9-96ac94d31968;逆轉勝的故事;這句話深深觸動我的心;發現神的信實貫穿整個故事;WARNING;Feeling the burn on this verse! 💪;注釋書提到當時的文化背景...;;;2026-01-27 15:28:14.379399+00;2026-01-27 15:29:03.363308+00
8dc3fd7b-7df0-4aad-9ad1-d13cc29f6a0d;126aa9d7-3a21-441a-bf51-0c97f6cf96ce;b89a4cde-ed15-4016-ae6c-1915dbf9ef85;勇氣的代價;感覺神在直接對我說話;看到了一個勇敢的人面對困難;PROMISE;原來神的心意是這樣的;注釋書提到當時的文化背景...;找一個朋友分享這段經文;感謝小組成員的分享！;2026-01-27 15:28:27.530229+00;2026-01-27 15:29:03.363308+00
accfc3fa-f3ea-4f27-8d62-79d5fd321e10;126aa9d7-3a21-441a-bf51-0c97f6cf96ce;7ae96234-0150-46ce-aacc-b9700d45de22;愛的冒險旅程;這句話深深觸動我的心;發現神的信實貫穿整個故事;GOD_ATTRIBUTE;跟我以前理解的完全不同;學者們對這段經文有不同的解讀...;找一個朋友分享這段經文;發現自己需要更多安靜的時間;2026-01-27 15:28:14.379399+00;2026-01-27 15:29:03.363308+00
2d88f562-e6d3-4f07-9891-c891e108ad33;7bd622e6-4e61-4167-96e9-067c0559b19a;56370c50-2944-4e21-8a15-dac7b368228e;逆轉勝的故事;感覺神在直接對我說話;看到了一個勇敢的人面對困難;WARNING;這個發現讓我重新思考信仰;注釋書提到當時的文化背景...;;;2026-01-27 17:08:23.889105+00;2026-01-27 17:08:32.191049+00
c385b098-fb0e-4be4-98e6-59933ef34edb;c76fe9c9-f2c1-445c-abc2-fe9bede2c2a1;f4b50836-0132-47a2-a294-0fa59f0ee60b;愛的冒險旅程;這是我今年最需要的提醒;注意到人物的轉變過程很戲劇化;;;;;;2026-01-27 16:43:16.031481+00;2026-01-27 16:43:27.869061+00
6b1fa6c1-6d2f-499b-82f8-99ae327641ee;7bd622e6-4e61-4167-96e9-067c0559b19a;761b9db8-262d-4f7b-8100-2f41a7bf4013;愛的冒險旅程;這是我今年最需要的提醒;看到群眾的反應和耶穌形成對比;GOD_ATTRIBUTE;這個發現讓我重新思考信仰;學者們對這段經文有不同的解讀...;實踐一次服務他人的行動;下週想繼續深入研究這個主題;2026-01-27 17:08:21.94157+00;2026-01-27 17:08:30.693829+00
e15ac4cd-320f-425f-bdfc-612bb2059f65;c76fe9c9-f2c1-445c-abc2-fe9bede2c2a1;fe24ef3a-4051-42e7-a023-776ee1eeb6fd;勇氣的代價;感覺神在直接對我說話;注意到人物的轉變過程很戲劇化;GOD_ATTRIBUTE;跟我以前理解的完全不同;注釋書提到當時的文化背景...;;;2026-01-27 16:43:16.031481+00;2026-01-27 16:43:29.634172+00
8a7c7c67-df00-43b9-93c1-3efcddf1de61;c76fe9c9-f2c1-445c-abc2-fe9bede2c2a1;8a403375-cd1e-4408-83e9-d7406cb8f6a1;勇氣的代價;感覺神在直接對我說話;發現神的信實貫穿整個故事;PROMISE;Feeling the burn on this verse! 💪;根據 Google 搜尋，這段經文的歷史背景是...;;;2026-01-27 16:43:16.031481+00;2026-01-27 16:43:29.634172+00
97536d9d-796e-481e-948b-537cd55e9865;7bd622e6-4e61-4167-96e9-067c0559b19a;2625ee97-285e-483c-8e3b-9d2732332b68;恩典無限供應;感覺神在直接對我說話;發現神的信實貫穿整個故事;WARNING;原來神的心意是這樣的;學者們對這段經文有不同的解讀...;這週每天早起10分鐘禱告;下週想繼續深入研究這個主題;2026-01-27 17:08:21.94157+00;2026-01-27 17:08:30.693829+00
b4bb9bad-c293-4af6-976c-b78f3599d48c;7bd622e6-4e61-4167-96e9-067c0559b19a;2f3515b3-5fd1-49c0-85ec-f7987d29ae16;從灰燼中重生;這句話深深觸動我的心;發現神的信實貫穿整個故事;;;;;;2026-01-27 17:08:21.94157+00;2026-01-27 17:08:30.693829+00
95d6b720-18fa-4233-b57d-a8a7bc0d07c9;7bd622e6-4e61-4167-96e9-067c0559b19a;9e0f1b71-9ebb-4829-9f4e-be6f2df8a3ef;愛的冒險旅程;感覺神在直接對我說話;看到了一個勇敢的人面對困難;COMMAND;Feeling the burn on this verse! 💪;根據 Google 搜尋，這段經文的歷史背景是...;找一個朋友分享這段經文;發現自己需要更多安靜的時間;2026-01-27 17:08:21.94157+00;2026-01-27 17:08:32.191049+00
58cd0f73-ccd5-49b5-ac41-72977b6bf446;7bd622e6-4e61-4167-96e9-067c0559b19a;ec266f81-300f-40be-9fe6-849f9c4d9945;從灰燼中重生;第五節讓我心跳加速！;發現神的信實貫穿整個故事;COMMAND;跟我以前理解的完全不同;學者們對這段經文有不同的解讀...;;;2026-01-27 17:08:21.94157+00;2026-01-27 17:08:32.191049+00
d98318cb-f4b1-4fc9-a1f3-4a5d506fbf01;126aa9d7-3a21-441a-bf51-0c97f6cf96ce;ff94df46-a68c-4537-b6a8-6b3b849fb169;從灰燼中重生;感覺神在直接對我說話;發現神的信實貫穿整個故事;WARNING;跟我以前理解的完全不同;注釋書提到當時的文化背景...;;;2026-01-27 15:28:37.419001+00;2026-01-27 15:28:53.703465+00
0cc1d38e-c75b-42a2-bb75-a14642806aa2;126aa9d7-3a21-441a-bf51-0c97f6cf96ce;a379c109-4029-47b8-9b2f-f52515b8d4d1;信心的飛躍;這是我今年最需要的提醒;注意到人物的轉變過程很戲劇化;WARNING;這個發現讓我重新思考信仰;學者們對這段經文有不同的解讀...;;;2026-01-27 15:28:37.419001+00;2026-01-27 15:28:53.703465+00
0d405d3e-e571-43a4-9619-1fb2bea578aa;126aa9d7-3a21-441a-bf51-0c97f6cf96ce;e1f10779-6474-4cd6-91d8-d4abe518d2e9;勇氣的代價;第五節讓我心跳加速！;注意到人物的轉變過程很戲劇化;GOD_ATTRIBUTE;Feeling the burn on this verse! 💪;ChatGPT 說這段經文有三個重點...;;;2026-01-27 15:28:27.530229+00;2026-01-27 15:28:53.703465+00
45269ec5-92b4-4f4a-a70e-2508c6aed8ce;126aa9d7-3a21-441a-bf51-0c97f6cf96ce;384f54c7-6c02-4fd8-9980-91ecc7f2edb7;勇氣的代價;這是我今年最需要的提醒;看到了一個勇敢的人面對困難;PROMISE;跟我以前理解的完全不同;ChatGPT 說這段經文有三個重點...;找一個朋友分享這段經文;下週想繼續深入研究這個主題;2026-01-27 15:28:14.379399+00;2026-01-27 15:28:53.703465+00
78f4edf5-ff30-4ec0-be4a-573f1bda8c7a;126aa9d7-3a21-441a-bf51-0c97f6cf96ce;b8c8a45f-15aa-4ca8-aa9d-c6c7e3eeacbf;勇氣的代價;第五節讓我心跳加速！;注意到人物的轉變過程很戲劇化;GOD_ATTRIBUTE;Feeling the burn on this verse! 💪;注釋書提到當時的文化背景...;寫一封感謝信給神;發現自己需要更多安靜的時間;2026-01-27 15:29:03.363308+00;2026-01-27 15:29:03.363308+00
3753a7fd-a7c9-4a0b-a75d-a31f6fab5e17;126aa9d7-3a21-441a-bf51-0c97f6cf96ce;ea11863e-7cf0-44eb-8fa4-799d0e5bc9f1;逆轉勝的故事;第五節讓我心跳加速！;注意到人物的轉變過程很戲劇化;PROMISE;跟我以前理解的完全不同;注釋書提到當時的文化背景...;這週每天早起10分鐘禱告;下週想繼續深入研究這個主題;2026-01-27 15:28:27.530229+00;2026-01-27 15:29:03.363308+00
5a1796d5-1365-475f-bebf-ce371f7484a5;126aa9d7-3a21-441a-bf51-0c97f6cf96ce;ebc1ae0b-1749-4df4-a7c2-c6b99aa712b0;逆轉勝的故事;第五節讓我心跳加速！;注意到人物的轉變過程很戲劇化;GOD_ATTRIBUTE;跟我以前理解的完全不同;注釋書提到當時的文化背景...;寫一封感謝信給神;發現自己需要更多安靜的時間;2026-01-27 15:28:14.379399+00;2026-01-27 15:29:03.363308+00
27427076-bb3f-43f9-9bf3-1913b064e8f5;126aa9d7-3a21-441a-bf51-0c97f6cf96ce;6c22fbec-aeb0-44f2-896e-8e0c3ed84511;逆轉勝的故事;這是我今年最需要的提醒;看到群眾的反應和耶穌形成對比;GOD_ATTRIBUTE;跟我以前理解的完全不同;根據 Google 搜尋，這段經文的歷史背景是...;;;2026-01-27 15:28:27.530229+00;2026-01-27 15:29:03.363308+00
970eb97a-afb9-40cc-ac8e-366b543a2957;126aa9d7-3a21-441a-bf51-0c97f6cf96ce;c77d242e-1d5c-4fc4-a03e-4cb44167e899;恩典無限供應;這是我今年最需要的提醒;注意到人物的轉變過程很戲劇化;WARNING;原來神的心意是這樣的;ChatGPT 說這段經文有三個重點...;找一個朋友分享這段經文;發現自己需要更多安靜的時間;2026-01-27 15:28:14.379399+00;2026-01-27 15:29:03.363308+00
03316560-5af9-43d8-9225-b3ea1baaeb02;126aa9d7-3a21-441a-bf51-0c97f6cf96ce;924b71e2-7a25-4917-ba65-25254d51e6d5;逆轉勝的故事;這是我今年最需要的提醒;看到群眾的反應和耶穌形成對比;PROMISE;這個發現讓我重新思考信仰;學者們對這段經文有不同的解讀...;找一個朋友分享這段經文;今天的查經讓我很感動，想為家人禱告;2026-01-27 15:28:14.379399+00;2026-01-27 15:29:03.363308+00
d493905b-5bbc-433e-ad6f-e57446f08ee8;126aa9d7-3a21-441a-bf51-0c97f6cf96ce;389e3bdf-b883-4333-84d2-ef2382d4fb0e;從灰燼中重生;第五節讓我心跳加速！;發現神的信實貫穿整個故事;COMMAND;這個發現讓我重新思考信仰;根據 Google 搜尋，這段經文的歷史背景是...;;;2026-01-27 15:28:27.530229+00;2026-01-27 15:29:03.363308+00
28e1f6a7-0a5d-40d6-86f8-bac19d0652f6;126aa9d7-3a21-441a-bf51-0c97f6cf96ce;9a18ea47-2787-49b9-b029-53872d96a070;逆轉勝的故事;這是我今年最需要的提醒;看到群眾的反應和耶穌形成對比;COMMAND;這個發現讓我重新思考信仰;注釋書提到當時的文化背景...;寫一封感謝信給神;今天的查經讓我很感動，想為家人禱告;2026-01-27 15:28:14.379399+00;2026-01-27 15:29:03.363308+00
18d1e952-cfb9-491e-ab07-aa7b6c8b63fa;126aa9d7-3a21-441a-bf51-0c97f6cf96ce;06f74b1c-7c81-4c44-88f6-4dd186717bf5;恩典無限供應;第五節讓我心跳加速！;看到群眾的反應和耶穌形成對比;COMMAND;跟我以前理解的完全不同;注釋書提到當時的文化背景...;找一個朋友分享這段經文;下週想繼續深入研究這個主題;2026-01-27 15:28:27.530229+00;2026-01-27 15:29:03.363308+00
b2679ad7-d50e-49bd-ae1a-0e865a8d71dc;126aa9d7-3a21-441a-bf51-0c97f6cf96ce;29a28390-97df-4e6c-a3c5-501d4b396742;勇氣的代價;這句話深深觸動我的心;注意到人物的轉變過程很戲劇化;GOD_ATTRIBUTE;跟我以前理解的完全不同;學者們對這段經文有不同的解讀...;找一個朋友分享這段經文;發現自己需要更多安靜的時間;2026-01-27 15:28:14.379399+00;2026-01-27 15:29:03.363308+00
1a41ae98-e886-4e7a-848c-4db139f9cb55;126aa9d7-3a21-441a-bf51-0c97f6cf96ce;363a600e-0283-45c5-b594-ac03d0bc3029;愛的冒險旅程;感覺神在直接對我說話;發現神的信實貫穿整個故事;PROMISE;跟我以前理解的完全不同;ChatGPT 說這段經文有三個重點...;實踐一次服務他人的行動;感謝小組成員的分享！;2026-01-27 15:28:14.379399+00;2026-01-27 15:29:03.363308+00
28f30a1f-0c9c-4416-a3d2-4c5c2d8ae33f;126aa9d7-3a21-441a-bf51-0c97f6cf96ce;2024c00f-686c-42dc-b863-33b1fd8507db;信心的飛躍;第五節讓我心跳加速！;發現神的信實貫穿整個故事;PROMISE;Feeling the burn on this verse! 💪;ChatGPT 說這段經文有三個重點...;每天都早點睡覺;;2026-01-27 15:28:14.379399+00;2026-01-27 15:29:32.047204+00
3daee6f7-4b9c-4eb7-bafe-c99596b5e7f6;03ad48a2-45a5-4f90-8e21-b263afc52cf1;3fd0b1ab-9132-49d2-8402-dd2bfa696aff;愛的冒險旅程;這是我今年最需要的提醒;注意到人物的轉變過程很戲劇化;COMMAND;跟我以前理解的完全不同;根據 Google 搜尋，這段經文的歷史背景是...;找一個朋友分享這段經文;今天的查經讓我很感動，想為家人禱告;2026-01-27 17:37:09.699121+00;2026-01-27 17:37:12.888571+00
a0822bbf-ea8a-455d-8872-a52f3ebaf380;7bd622e6-4e61-4167-96e9-067c0559b19a;4a391db8-3f7f-42a2-9654-48b70ef2c02f;愛的冒險旅程;第五節讓我心跳加速！;注意到人物的轉變過程很戲劇化;;;;;;2026-01-27 17:08:23.889105+00;2026-01-27 17:08:30.693829+00
939af686-e455-48b0-a7c0-a46cbc6242a4;7bd622e6-4e61-4167-96e9-067c0559b19a;1de60571-6dc6-42ce-97bb-47034d3dace8;逆轉勝的故事;這句話深深觸動我的心;看到了一個勇敢的人面對困難;GOD_ATTRIBUTE;原來神的心意是這樣的;ChatGPT 說這段經文有三個重點...;找一個朋友分享這段經文;今天的查經讓我很感動，想為家人禱告;2026-01-27 17:08:27.388907+00;2026-01-27 17:08:32.191049+00
374239bf-6c36-45b8-8892-6c77f259cc1f;7bd622e6-4e61-4167-96e9-067c0559b19a;5b518419-aceb-4207-82cc-af21fd675fd4;勇氣的代價;感覺神在直接對我說話;看到了一個勇敢的人面對困難;;;;;;2026-01-27 17:08:23.889105+00;2026-01-27 17:08:32.191049+00
0162af5f-6ee9-4bd1-ba58-8e7c9751d39e;7bd622e6-4e61-4167-96e9-067c0559b19a;3c4f9909-ade7-4666-98ed-070fb006eda9;勇氣的代價;這是我今年最需要的提醒;看到群眾的反應和耶穌形成對比;PROMISE;Feeling the burn on this verse! 💪;根據 Google 搜尋，這段經文的歷史背景是...;;;2026-01-27 17:08:27.388907+00;2026-01-27 17:08:32.191049+00
359e15e6-9250-4529-b164-18609a0b9780;03ad48a2-45a5-4f90-8e21-b263afc52cf1;6c39728c-e24e-4329-a4a9-3f927d1bb3d0;從灰燼中重生;第五節讓我心跳加速！;看到了一個勇敢的人面對困難;COMMAND;Feeling the burn on this verse! 💪;ChatGPT 說這段經文有三個重點...;;;2026-01-27 17:37:09.699121+00;2026-01-27 17:37:12.888571+00
612f766a-0f15-45ad-bac6-8b10b47ff827;c76fe9c9-f2c1-445c-abc2-fe9bede2c2a1;6e535fd4-d246-461e-b30e-6bc01822a57f;恩典無限供應;這句話深深觸動我的心;看到群眾的反應和耶穌形成對比;GOD_ATTRIBUTE;Feeling the burn on this verse! 💪;ChatGPT 說這段經文有三個重點...;找一個朋友分享這段經文;今天的查經讓我很感動，想為家人禱告;2026-01-27 16:43:16.031481+00;2026-01-27 16:43:29.634172+00
ca1b2def-cbcd-40fd-a916-b2bd9f3eaed2;c76fe9c9-f2c1-445c-abc2-fe9bede2c2a1;b09bd3da-5554-4885-81d3-c040d9e70448;從灰燼中重生;這是我今年最需要的提醒;看到了一個勇敢的人面對困難;;;;;;2026-01-27 16:43:16.031481+00;2026-01-27 16:43:29.634172+00
36df1947-4738-4b9e-8828-81523703ec6a;03ad48a2-45a5-4f90-8e21-b263afc52cf1;5f3b4db9-4ecf-48ef-a9b7-09a6e32371eb;信心的飛躍;這是我今年最需要的提醒;注意到人物的轉變過程很戲劇化;;;;;;2026-01-27 17:37:09.699121+00;2026-01-27 17:37:13.830609+00
ebb37f7d-15b2-480d-ac5a-40a36f4203bb;7bd622e6-4e61-4167-96e9-067c0559b19a;bf262af3-ad1a-41e7-82e9-473e14e98e72;恩典無限供應;這句話深深觸動我的心;發現神的信實貫穿整個故事;COMMAND;跟我以前理解的完全不同;ChatGPT 說這段經文有三個重點...;找一個朋友分享這段經文;感謝小組成員的分享！;2026-01-27 17:08:21.94157+00;2026-01-27 17:08:30.693829+00
6c0784c1-0758-4ed3-86ad-4d03dc85e791;7bd622e6-4e61-4167-96e9-067c0559b19a;c8a965ee-3cf6-4b69-88aa-4267cd3a601e;愛的冒險旅程;感覺神在直接對我說話;注意到人物的轉變過程很戲劇化;GOD_ATTRIBUTE;這個發現讓我重新思考信仰;根據 Google 搜尋，這段經文的歷史背景是...;找一個朋友分享這段經文;發現自己需要更多安靜的時間;2026-01-27 17:08:30.693829+00;2026-01-27 17:08:32.191049+00
bc0ca7c8-83de-4bf3-ba1d-772ae3d95837;03ad48a2-45a5-4f90-8e21-b263afc52cf1;2f81b30d-6979-413c-b0a4-ce5e198f218b;從灰燼中重生;這句話深深觸動我的心;發現神的信實貫穿整個故事;GOD_ATTRIBUTE;這個發現讓我重新思考信仰;學者們對這段經文有不同的解讀...;這週每天早起10分鐘禱告;感謝小組成員的分享！;2026-01-27 17:37:09.699121+00;2026-01-27 17:37:12.888571+00
0065a62b-5fa1-4873-a583-3e8f670f2f91;c76fe9c9-f2c1-445c-abc2-fe9bede2c2a1;965c4dc5-665e-4eec-b278-0d4cf761ac1a;信心的飛躍;這是我今年最需要的提醒;發現神的信實貫穿整個故事;;;;;;2026-01-27 16:43:16.031481+00;2026-01-27 16:43:18.663561+00
b4071b9a-e13f-4754-b23d-c764fb2fafcf;53f0309e-7cf8-4cfe-99c2-2c958e4bdc80;9b8b1604-69d0-4c5d-924c-0487280d9d21;不是叛逆 是權柄的對焦;豈不知我應當以我父的事為念嗎？;"耶穌 約瑟 馬利亞 
耶路撒冷的聖殿";;向神對齊 智慧就會成長;無;檢視我的生命有沒有要向神對齊的地方;;2026-01-28 09:07:37.517812+00;2026-01-28 09:10:46.407912+00
c776e28b-4948-4de2-8b68-595f59c7fe56;03ad48a2-45a5-4f90-8e21-b263afc52cf1;e48542f5-59e8-4abb-9ff5-dfb8668a9ce6;從灰燼中重生;這是我今年最需要的提醒;看到了一個勇敢的人面對困難;PROMISE;這個發現讓我重新思考信仰;注釋書提到當時的文化背景...;這週每天早起10分鐘禱告;感謝小組成員的分享！;2026-01-27 17:37:09.699121+00;2026-01-27 17:37:12.888571+00
c4836f4b-1627-4650-8a0f-8269cbd5a94a;03ad48a2-45a5-4f90-8e21-b263afc52cf1;529aad04-96f3-4c9d-9d61-2b82df25cd1d;恩典無限供應;這是我今年最需要的提醒;注意到人物的轉變過程很戲劇化;WARNING;跟我以前理解的完全不同;學者們對這段經文有不同的解讀...;實踐一次服務他人的行動;今天的查經讓我很感動，想為家人禱告;2026-01-27 17:37:09.699121+00;2026-01-27 17:37:13.830609+00
ea418374-e2f0-4b85-ae82-5802ea10c321;c76fe9c9-f2c1-445c-abc2-fe9bede2c2a1;892d9ea4-68b5-490f-ae5d-c5786632eb04;愛的冒險旅程;感覺神在直接對我說話;看到群眾的反應和耶穌形成對比;PROMISE;Feeling the burn on this verse! 💪;根據 Google 搜尋，這段經文的歷史背景是...;找一個朋友分享這段經文;今天的查經讓我很感動，想為家人禱告;2026-01-27 16:43:16.031481+00;2026-01-27 16:43:29.634172+00
a935f104-be9f-4d67-8347-c39c70467129;c76fe9c9-f2c1-445c-abc2-fe9bede2c2a1;872e01af-84b3-4133-a4aa-6a708a533056;從灰燼中重生;這是我今年最需要的提醒;注意到人物的轉變過程很戲劇化;COMMAND;Feeling the burn on this verse! 💪;注釋書提到當時的文化背景...;;;2026-01-27 16:43:16.031481+00;2026-01-27 16:43:20.797158+00
1359950b-0bc8-4141-81e5-ba3c15d3c878;c76fe9c9-f2c1-445c-abc2-fe9bede2c2a1;7dfcc0b6-b3d0-4c32-be78-7d5adedf2bf0;恩典無限供應;感覺神在直接對我說話;注意到人物的轉變過程很戲劇化;COMMAND;跟我以前理解的完全不同;學者們對這段經文有不同的解讀...;;;2026-01-27 16:43:16.031481+00;2026-01-27 16:43:29.634172+00
afa52256-dbd3-46a2-bf0c-90a9ed570b6d;c76fe9c9-f2c1-445c-abc2-fe9bede2c2a1;6d8b69ec-e68b-46c2-b84a-7bacef8f7d23;愛的冒險旅程;感覺神在直接對我說話;看到群眾的反應和耶穌形成對比;COMMAND;Feeling the burn on this verse! 💪;根據 Google 搜尋，這段經文的歷史背景是...;;;2026-01-27 16:43:16.031481+00;2026-01-27 16:43:29.634172+00
7142ffb3-e453-4634-bb54-ff71cd1e7bb4;c76fe9c9-f2c1-445c-abc2-fe9bede2c2a1;260b35d6-5825-45d6-b12b-2a6918b83537;勇氣的代價;感覺神在直接對我說話;發現神的信實貫穿整個故事;WARNING;Feeling the burn on this verse! 💪;ChatGPT 說這段經文有三個重點...;寫一封感謝信給神;發現自己需要更多安靜的時間;2026-01-27 16:43:16.031481+00;2026-01-27 16:43:29.634172+00
04b0e19e-86a5-4cf1-9760-595cf72717c3;c76fe9c9-f2c1-445c-abc2-fe9bede2c2a1;26702a5d-2c25-4fc0-8d40-4d832e556fdd;愛的冒險旅程;這是我今年最需要的提醒;發現神的信實貫穿整個故事;;;;;;2026-01-27 16:43:18.663561+00;2026-01-27 16:43:27.869061+00
b9b6f196-2a50-40ab-bd1f-3287bf7ff29f;c76fe9c9-f2c1-445c-abc2-fe9bede2c2a1;98795745-2c60-4ea1-8c33-e095b5ec6cd7;逆轉勝的故事;這是我今年最需要的提醒;注意到人物的轉變過程很戲劇化;PROMISE;跟我以前理解的完全不同;學者們對這段經文有不同的解讀...;;;2026-01-27 16:43:16.031481+00;2026-01-27 16:43:27.869061+00
fa552b94-b39f-4244-8b3d-570e6670204c;c76fe9c9-f2c1-445c-abc2-fe9bede2c2a1;336bfd5f-d436-46ca-b1bf-fd1a9c2fbe3e;愛的冒險旅程;這是我今年最需要的提醒;看到了一個勇敢的人面對困難;PROMISE;Feeling the burn on this verse! 💪;ChatGPT 說這段經文有三個重點...;這週每天早起10分鐘禱告;感謝小組成員的分享！;2026-01-27 16:43:16.031481+00;2026-01-27 16:43:29.634172+00
bc3e933f-82cd-4480-9460-9a6f0d4c5586;c76fe9c9-f2c1-445c-abc2-fe9bede2c2a1;82b4249c-988f-44b5-89ea-215d930f0bc1;信心的飛躍;感覺神在直接對我說話;注意到人物的轉變過程很戲劇化;PROMISE;Feeling the burn on this verse! 💪;根據 Google 搜尋，這段經文的歷史背景是...;;;2026-01-27 16:43:18.663561+00;2026-01-27 16:43:29.634172+00
4e2ae82f-8c44-4cb3-a4d2-a5dd89bbd11f;c76fe9c9-f2c1-445c-abc2-fe9bede2c2a1;1d5773a8-4eb3-493e-a668-9cbfb370737f;愛的冒險旅程;第五節讓我心跳加速！;看到群眾的反應和耶穌形成對比;COMMAND;Feeling the burn on this verse! 💪;根據 Google 搜尋，這段經文的歷史背景是...;這週每天早起10分鐘禱告;今天的查經讓我很感動，想為家人禱告;2026-01-27 16:43:16.031481+00;2026-01-27 16:43:29.634172+00
839df405-26c7-4ecf-b781-000280b2b03e;c76fe9c9-f2c1-445c-abc2-fe9bede2c2a1;196abb37-3f33-4821-a2f2-b550ff7dbb01;信心的飛躍;第五節讓我心跳加速！;注意到人物的轉變過程很戲劇化;WARNING;Feeling the burn on this verse! 💪;根據 Google 搜尋，這段經文的歷史背景是...;;;2026-01-27 16:43:16.031481+00;2026-01-27 16:43:29.634172+00
33eac711-7a63-49a8-9ad5-fa8e95b4c516;c76fe9c9-f2c1-445c-abc2-fe9bede2c2a1;40d8ae48-af8a-43d1-9248-d81ec8e4e286;從灰燼中重生;這是我今年最需要的提醒;注意到人物的轉變過程很戲劇化;;;;;;2026-01-27 16:43:16.031481+00;2026-01-27 16:43:29.634172+00
97fe7476-6a62-443a-a5e9-e8a5a2eb827c;c76fe9c9-f2c1-445c-abc2-fe9bede2c2a1;439a45c2-35c9-4fd4-9e2b-036f79861c62;勇氣的代價;這句話深深觸動我的心;發現神的信實貫穿整個故事;;;;;;2026-01-27 16:43:18.663561+00;2026-01-27 16:43:29.634172+00
e5bcb6e2-d638-42a4-9c06-6fd95fcc487a;c76fe9c9-f2c1-445c-abc2-fe9bede2c2a1;b4bcab41-cc3c-41d2-9011-468fcd651682;恩典無限供應;感覺神在直接對我說話;看到群眾的反應和耶穌形成對比;WARNING;跟我以前理解的完全不同;根據 Google 搜尋，這段經文的歷史背景是...;實踐一次服務他人的行動;發現自己需要更多安靜的時間;2026-01-27 16:43:18.663561+00;2026-01-27 16:43:29.634172+00
ae3a0675-3e63-48b2-bb5e-0d7a0a2eda70;c76fe9c9-f2c1-445c-abc2-fe9bede2c2a1;14c66a0f-6723-439f-af3f-161cde008cde;愛的冒險旅程;這句話深深觸動我的心;看到了一個勇敢的人面對困難;PROMISE;這個發現讓我重新思考信仰;ChatGPT 說這段經文有三個重點...;實踐一次服務他人的行動;發現自己需要更多安靜的時間;2026-01-27 16:43:16.031481+00;2026-01-27 16:43:29.634172+00
1f6b694a-5361-4fcd-85ec-d1e2bdcdf1fb;53f0309e-7cf8-4cfe-99c2-2c958e4bdc80;0b275771-abf3-4b53-9cfe-68477788257b;耶穌走失全記錄;耶穌的智慧和身量，並神和人喜愛他的心，都一齊增長。;耶穌、瑪莉亞、約瑟、族人;GOD_ATTRIBUTE;耶穌知道自己需要顧念的事，不是地上的事，顯示了神的智慧在他當中，也更多的尋求、讓神喜愛;;決定學習耶穌，讓人＆神都愛我哈哈哈哈哈哈;哈;2026-01-28 09:07:50.907307+00;2026-01-28 09:12:02.957178+00
b4b1029c-0475-498d-9016-ec3b1ec61b97;c76fe9c9-f2c1-445c-abc2-fe9bede2c2a1;5faec60f-7a56-47c4-8a8c-ea8d0766dde2;從灰燼中重生;這句話深深觸動我的心;發現神的信實貫穿整個故事;COMMAND;原來神的心意是這樣的;根據 Google 搜尋，這段經文的歷史背景是...;;;2026-01-27 16:43:16.031481+00;2026-01-27 16:43:18.663561+00
69d83be7-112b-4074-be3d-ef92fa3327d5;c76fe9c9-f2c1-445c-abc2-fe9bede2c2a1;732e0ca3-b884-42f6-a5c8-eee9caf58e03;勇氣的代價;感覺神在直接對我說話;看到了一個勇敢的人面對困難;;;;;;2026-01-27 16:43:18.663561+00;2026-01-27 16:43:27.869061+00
b34a7fa1-88d4-4a7c-8919-82627089dd68;c76fe9c9-f2c1-445c-abc2-fe9bede2c2a1;4b5692be-abf7-4bc5-b8ff-8e5e868e78a2;從灰燼中重生;這句話深深觸動我的心;看到了一個勇敢的人面對困難;COMMAND;這個發現讓我重新思考信仰;學者們對這段經文有不同的解讀...;寫一封感謝信給神;發現自己需要更多安靜的時間;2026-01-27 16:43:16.031481+00;2026-01-27 16:43:27.869061+00
f0f3c42a-237a-497f-8ec1-4b5c3a9943ca;c76fe9c9-f2c1-445c-abc2-fe9bede2c2a1;9417f8e5-cf46-46dc-8161-5b49ccf1cf38;恩典無限供應;這是我今年最需要的提醒;發現神的信實貫穿整個故事;WARNING;這個發現讓我重新思考信仰;ChatGPT 說這段經文有三個重點...;;;2026-01-27 16:43:16.031481+00;2026-01-27 16:43:27.869061+00
b0fe74a1-09d1-4a3d-bf7b-1e193773e18a;c76fe9c9-f2c1-445c-abc2-fe9bede2c2a1;7bce684d-650c-4f80-ba35-8cabe63e563a;愛的冒險旅程;第五節讓我心跳加速！;發現神的信實貫穿整個故事;COMMAND;原來神的心意是這樣的;根據 Google 搜尋，這段經文的歷史背景是...;;;2026-01-27 16:43:18.663561+00;2026-01-27 16:43:29.634172+00
85bc3ba7-24c9-4c76-bd36-36a3448bf157;c76fe9c9-f2c1-445c-abc2-fe9bede2c2a1;3d63e17d-28dc-47bb-b7b7-4ecb0897b27b;恩典無限供應;感覺神在直接對我說話;注意到人物的轉變過程很戲劇化;WARNING;Feeling the burn on this verse! 💪;ChatGPT 說這段經文有三個重點...;;;2026-01-27 16:43:18.663561+00;2026-01-27 16:43:29.634172+00
0d2ea1d4-a4a2-4359-8da6-6ef8b49ab6c7;c76fe9c9-f2c1-445c-abc2-fe9bede2c2a1;9ec4b2a1-66d1-4e1a-81be-e05d25b91080;逆轉勝的故事;這句話深深觸動我的心;看到群眾的反應和耶穌形成對比;WARNING;Feeling the burn on this verse! 💪;ChatGPT 說這段經文有三個重點...;寫一封感謝信給神;下週想繼續深入研究這個主題;2026-01-27 16:43:18.663561+00;2026-01-27 16:43:29.634172+00
c2e3d5ef-18d8-4ed3-b247-47ec3e0aefd4;03ad48a2-45a5-4f90-8e21-b263afc52cf1;0affe6dd-fa91-4c2a-955b-07dd28639194;逆轉勝的故事;第五節讓我心跳加速！;看到了一個勇敢的人面對困難;PROMISE;跟我以前理解的完全不同;ChatGPT 說這段經文有三個重點...;找一個朋友分享這段經文;感謝小組成員的分享！;2026-01-27 17:37:09.699121+00;2026-01-27 17:37:13.830609+00
ab7dcf55-cd16-4940-a607-1c4b02eb775b;03ad48a2-45a5-4f90-8e21-b263afc52cf1;f0d00d48-7d1d-45e9-8ea5-524bde19bdc5;愛的冒險旅程;第五節讓我心跳加速！;發現神的信實貫穿整個故事;;;;;;2026-01-27 17:37:09.699121+00;2026-01-27 17:37:13.830609+00
af619372-aaea-4615-a4ea-1a4e20d7f076;03ad48a2-45a5-4f90-8e21-b263afc52cf1;cda98349-f5c1-4962-a698-088e04ea817f;勇氣的代價;第五節讓我心跳加速！;注意到人物的轉變過程很戲劇化;WARNING;原來神的心意是這樣的;注釋書提到當時的文化背景...;;;2026-01-27 17:37:09.699121+00;2026-01-27 17:37:13.830609+00
fc1e833e-5474-41e6-998b-75a2202610f7;03ad48a2-45a5-4f90-8e21-b263afc52cf1;9b77e6ea-d685-4125-b28c-85889b1ca6d2;勇氣的代價;這句話深深觸動我的心;注意到人物的轉變過程很戲劇化;PROMISE;原來神的心意是這樣的;注釋書提到當時的文化背景...;;;2026-01-27 17:37:09.699121+00;2026-01-27 17:37:13.830609+00
c0f0bd20-84a6-4794-b6d3-3a34971052c2;03ad48a2-45a5-4f90-8e21-b263afc52cf1;412a3b1e-03a7-4843-8c3f-b8f0270be763;勇氣的代價;感覺神在直接對我說話;注意到人物的轉變過程很戲劇化;COMMAND;原來神的心意是這樣的;學者們對這段經文有不同的解讀...;找一個朋友分享這段經文;感謝小組成員的分享！;2026-01-27 17:37:09.699121+00;2026-01-27 17:37:13.830609+00
818739e7-e5e3-4c3c-8c59-4b51efd643e2;53f0309e-7cf8-4cfe-99c2-2c958e4bdc80;f0a29762-c160-4f29-bd46-3a71753ca87b;當以父的事為念;耶穌的智慧和身量（或作：年紀），並神和人喜愛他的心，都一齊增長。;"從放心到焦急的父母
始終淡定的耶穌
驚嘆的殿中教師";PROMISE;因為以神的事為念，耶穌的智慧和身量（或作：年紀），並神和人喜愛他的心，都一齊增長。;教導我們優先順序（上帝的事）、在家庭中學習順服，以及追求身心靈的全方位成長。;每天早晨靈修禱告，以父的事為念;隨時禱告、隨時仰望;2026-01-28 09:06:55.401215+00;2026-01-28 09:11:00.123369+00
da14ba30-bbe7-4db1-876c-f5b8d3b20950;53f0309e-7cf8-4cfe-99c2-2c958e4bdc80;8cb328fa-afc0-4586-8cf2-7d89ce635cda;智慧人生;凡聽見他的都稀奇，他的聰明和他的應對;神會開啟我們的智慧;PROMISE;應許跟隨神的人，有智慧;僅跟隨神;好好禱告;沒有;2026-01-28 09:07:27.909555+00;2026-01-28 09:12:22.059718+00
46abd7a7-dd5d-4db7-b390-990a12ac385f;c76fe9c9-f2c1-445c-abc2-fe9bede2c2a1;476991a1-d3a0-47b6-9a95-76e3b7b4558e;信心的飛躍;這句話深深觸動我的心;發現神的信實貫穿整個故事;PROMISE;這個發現讓我重新思考信仰;注釋書提到當時的文化背景...;;;2026-01-27 16:43:16.031481+00;2026-01-27 16:43:18.663561+00
ad10f5ba-df20-4500-9096-1c5cd48f52ac;03ad48a2-45a5-4f90-8e21-b263afc52cf1;bc1f76b0-fefb-4e94-bb63-aed3e8784458;恩典無限供應;感覺神在直接對我說話;看到群眾的反應和耶穌形成對比;;;;;;2026-01-27 17:37:09.699121+00;2026-01-27 17:37:12.888571+00
22117b04-8995-4fe1-8f6b-4376104845ba;03ad48a2-45a5-4f90-8e21-b263afc52cf1;83c79967-f0a4-4783-8c8f-a6e1c67b4847;從灰燼中重生;感覺神在直接對我說話;看到群眾的反應和耶穌形成對比;WARNING;原來神的心意是這樣的;學者們對這段經文有不同的解讀...;這週每天早起10分鐘禱告;今天的查經讓我很感動，想為家人禱告;2026-01-27 17:37:09.699121+00;2026-01-27 17:37:13.830609+00
275d27be-e93d-4e05-9839-02480bc0147f;03ad48a2-45a5-4f90-8e21-b263afc52cf1;b4def315-cd1f-4b84-96c8-7a7b38905e8b;逆轉勝的故事;感覺神在直接對我說話;注意到人物的轉變過程很戲劇化;PROMISE;跟我以前理解的完全不同;學者們對這段經文有不同的解讀...;找一個朋友分享這段經文;發現自己需要更多安靜的時間;2026-01-27 17:37:09.699121+00;2026-01-27 17:37:13.830609+00
ae4f4ea6-671e-4cca-b054-fefde76786f5;c76fe9c9-f2c1-445c-abc2-fe9bede2c2a1;86914339-3325-4b2a-95dd-4831d58fe5b5;勇氣的代價;第五節讓我心跳加速！;發現神的信實貫穿整個故事;;;;;;2026-01-27 16:43:16.031481+00;2026-01-27 16:43:27.869061+00
50d9643d-1ab9-4c63-9e17-dde586022c32;c76fe9c9-f2c1-445c-abc2-fe9bede2c2a1;5ebdd7db-f238-4116-8b60-e1de26e7c3b6;恩典無限供應;這句話深深觸動我的心;看到了一個勇敢的人面對困難;;;;;;2026-01-27 16:43:16.031481+00;2026-01-27 16:43:27.869061+00
b55eed03-14af-41ae-86b4-37a12dd68f25;c76fe9c9-f2c1-445c-abc2-fe9bede2c2a1;3794798d-841c-4a1b-9e04-7020c05f91ef;愛的冒險旅程;這句話深深觸動我的心;注意到人物的轉變過程很戲劇化;;;;;;2026-01-27 16:43:16.031481+00;2026-01-27 16:43:27.869061+00
82cba892-81bd-4b3e-a6a9-d48a260d6977;c76fe9c9-f2c1-445c-abc2-fe9bede2c2a1;63cb565c-4bdd-4422-bfec-1f1869af73df;恩典無限供應;這句話深深觸動我的心;看到了一個勇敢的人面對困難;GOD_ATTRIBUTE;跟我以前理解的完全不同;ChatGPT 說這段經文有三個重點...;找一個朋友分享這段經文;下週想繼續深入研究這個主題;2026-01-27 16:43:18.663561+00;2026-01-27 16:43:29.634172+00
c6cdae98-1d57-418e-aa24-ec5b21959c6d;c76fe9c9-f2c1-445c-abc2-fe9bede2c2a1;541cf276-ff01-4063-8150-1297f9174e89;愛的冒險旅程;這是我今年最需要的提醒;注意到人物的轉變過程很戲劇化;;;;;;2026-01-27 16:43:18.663561+00;2026-01-27 16:43:29.634172+00
bba91638-eb83-4743-827e-51fa6531b6c7;c76fe9c9-f2c1-445c-abc2-fe9bede2c2a1;c389e299-16b3-4698-8a4b-47bf3cee6045;勇氣的代價;這句話深深觸動我的心;看到了一個勇敢的人面對困難;PROMISE;原來神的心意是這樣的;根據 Google 搜尋，這段經文的歷史背景是...;;;2026-01-27 16:43:16.031481+00;2026-01-27 16:43:29.634172+00
b9ea5d7e-c164-4fac-bfa0-fe905ebf3b2f;c76fe9c9-f2c1-445c-abc2-fe9bede2c2a1;e13621e7-e412-4e5c-9f6c-27c8c5fb784b;恩典無限供應;感覺神在直接對我說話;看到了一個勇敢的人面對困難;COMMAND;原來神的心意是這樣的;根據 Google 搜尋，這段經文的歷史背景是...;;;2026-01-27 16:43:18.663561+00;2026-01-27 16:43:29.634172+00
b216b36c-821f-4928-b5d3-fa99a14aea68;c76fe9c9-f2c1-445c-abc2-fe9bede2c2a1;c93dddb0-c953-4cf0-9659-511c03aecd38;勇氣的代價;感覺神在直接對我說話;看到了一個勇敢的人面對困難;PROMISE;這個發現讓我重新思考信仰;ChatGPT 說這段經文有三個重點...;實踐一次服務他人的行動;下週想繼續深入研究這個主題;2026-01-27 16:43:20.797158+00;2026-01-27 16:43:29.634172+00
6b8fe5d6-2cb7-4014-8ec1-95baddef2a35;c76fe9c9-f2c1-445c-abc2-fe9bede2c2a1;7ecbd586-01b0-4d4b-8301-1cc22131add9;勇氣的代價;這句話深深觸動我的心;發現神的信實貫穿整個故事;WARNING;Feeling the burn on this verse! 💪;學者們對這段經文有不同的解讀...;實踐一次服務他人的行動;感謝小組成員的分享！;2026-01-27 16:43:16.031481+00;2026-01-27 16:43:29.634172+00
eb7c2935-bc67-4a11-9587-93128388c853;c76fe9c9-f2c1-445c-abc2-fe9bede2c2a1;f870a31f-84a0-4dec-8f6a-09ede4e8303b;愛的冒險旅程;第五節讓我心跳加速！;看到了一個勇敢的人面對困難;WARNING;這個發現讓我重新思考信仰;注釋書提到當時的文化背景...;這週每天早起10分鐘禱告;發現自己需要更多安靜的時間;2026-01-27 16:43:16.031481+00;2026-01-27 16:43:29.634172+00
840512a5-0f03-484b-a50e-e9fc0985c03c;c76fe9c9-f2c1-445c-abc2-fe9bede2c2a1;4c49fc9f-2966-4c90-b874-2ebb81b8d3c0;勇氣的代價;第五節讓我心跳加速！;注意到人物的轉變過程很戲劇化;COMMAND;這個發現讓我重新思考信仰;注釋書提到當時的文化背景...;實踐一次服務他人的行動;發現自己需要更多安靜的時間;2026-01-27 16:43:16.031481+00;2026-01-27 16:43:29.634172+00
a74e8761-c089-44be-8cc1-6ff2095848c2;c76fe9c9-f2c1-445c-abc2-fe9bede2c2a1;122b4abb-57bd-4db7-a6cc-e4a518a966b4;勇氣的代價;第五節讓我心跳加速！;看到了一個勇敢的人面對困難;COMMAND;跟我以前理解的完全不同;注釋書提到當時的文化背景...;找一個朋友分享這段經文;下週想繼續深入研究這個主題;2026-01-27 16:43:18.663561+00;2026-01-27 16:43:29.634172+00
1640a8fa-c4ff-4097-9517-fc14a24431fb;c76fe9c9-f2c1-445c-abc2-fe9bede2c2a1;d74277cc-c74f-4751-ab65-b35d2cc9ce98;從灰燼中重生;這句話深深觸動我的心;注意到人物的轉變過程很戲劇化;PROMISE;原來神的心意是這樣的;根據 Google 搜尋，這段經文的歷史背景是...;;;2026-01-27 16:43:16.031481+00;2026-01-27 16:43:29.634172+00
351c525e-d37b-4934-bf05-4a20609fd1c3;03ad48a2-45a5-4f90-8e21-b263afc52cf1;7c4e0027-7948-4f93-b493-991361c0eb79;勇氣的代價;這是我今年最需要的提醒;注意到人物的轉變過程很戲劇化;PROMISE;原來神的心意是這樣的;注釋書提到當時的文化背景...;這週每天早起10分鐘禱告;發現自己需要更多安靜的時間;2026-01-27 17:37:09.699121+00;2026-01-27 17:37:13.830609+00
2e690351-f477-44c0-b850-e6692c081a8a;03ad48a2-45a5-4f90-8e21-b263afc52cf1;81da15a7-a129-428c-b9bc-e3a33a90559b;愛的冒險旅程;第五節讓我心跳加速！;注意到人物的轉變過程很戲劇化;;;;;;2026-01-27 17:37:09.699121+00;2026-01-27 17:37:11.385382+00
4bb1281e-d6e6-40cf-ae52-22a5cad327bd;c76fe9c9-f2c1-445c-abc2-fe9bede2c2a1;8392367f-148b-4bb2-b450-abd68f68b3e4;愛的冒險旅程;這句話深深觸動我的心;看到群眾的反應和耶穌形成對比;COMMAND;Feeling the burn on this verse! 💪;注釋書提到當時的文化背景...;;;2026-01-27 16:43:18.663561+00;2026-01-27 16:43:20.797158+00
a3fe9b95-a225-4d1f-b529-da28b53e6ea2;03ad48a2-45a5-4f90-8e21-b263afc52cf1;7cddef9a-176b-4480-a7e2-d6481783bf2f;恩典無限供應;這是我今年最需要的提醒;看到了一個勇敢的人面對困難;;;;;;2026-01-27 17:37:09.699121+00;2026-01-27 17:37:13.830609+00
606ec48b-ec99-4b30-9784-0856e4f9ffa0;c76fe9c9-f2c1-445c-abc2-fe9bede2c2a1;2f4f158a-0d84-4d00-9ee5-aa6a79e75916;恩典無限供應;這是我今年最需要的提醒;發現神的信實貫穿整個故事;WARNING;跟我以前理解的完全不同;注釋書提到當時的文化背景...;找一個朋友分享這段經文;下週想繼續深入研究這個主題;2026-01-27 16:43:16.031481+00;2026-01-27 16:43:20.797158+00
8a860b23-a779-4334-a811-bd39f74e57c8;03ad48a2-45a5-4f90-8e21-b263afc52cf1;965f3b15-c935-444e-b291-b6ac27417263;恩典無限供應;第五節讓我心跳加速！;發現神的信實貫穿整個故事;WARNING;跟我以前理解的完全不同;注釋書提到當時的文化背景...;寫一封感謝信給神;今天的查經讓我很感動，想為家人禱告;2026-01-27 17:37:09.699121+00;2026-01-27 17:37:12.888571+00
26082a96-1c75-4b31-a48d-7e40ba867bcf;03ad48a2-45a5-4f90-8e21-b263afc52cf1;7e4b5d72-2a0e-48dc-8006-c7dedc7c746b;信心的飛躍;第五節讓我心跳加速！;看到了一個勇敢的人面對困難;PROMISE;跟我以前理解的完全不同;ChatGPT 說這段經文有三個重點...;;;2026-01-27 17:37:09.699121+00;2026-01-27 17:37:12.888571+00
d4b7f26e-a680-40e0-a1af-9229825c5fb0;03ad48a2-45a5-4f90-8e21-b263afc52cf1;ca98bb3e-bd9d-4e48-8044-6a6ea53395b0;恩典無限供應;這句話深深觸動我的心;發現神的信實貫穿整個故事;GOD_ATTRIBUTE;跟我以前理解的完全不同;學者們對這段經文有不同的解讀...;;;2026-01-27 17:37:09.699121+00;2026-01-27 17:37:13.830609+00
f2842032-5bf5-4a30-a32f-c4a331ecce44;03ad48a2-45a5-4f90-8e21-b263afc52cf1;62a9e00f-4d43-4cba-8032-08a9f519bd4a;逆轉勝的故事;這是我今年最需要的提醒;看到了一個勇敢的人面對困難;PROMISE;這個發現讓我重新思考信仰;注釋書提到當時的文化背景...;;;2026-01-27 17:37:11.385382+00;2026-01-27 17:37:13.830609+00
98882e0f-bb28-4403-879c-b7ef2ee3b45e;c76fe9c9-f2c1-445c-abc2-fe9bede2c2a1;c00e962b-f640-4fe2-9ffe-6b88b47e0492;逆轉勝的故事;第五節讓我心跳加速！;注意到人物的轉變過程很戲劇化;;;;;;2026-01-27 16:43:20.797158+00;2026-01-27 16:43:20.797158+00
f885d6d1-16bc-4ed4-9151-d3e1aeae8d8f;03ad48a2-45a5-4f90-8e21-b263afc52cf1;7c038c18-5104-4249-bee3-47fb58e8ed01;逆轉勝的故事;感覺神在直接對我說話;發現神的信實貫穿整個故事;PROMISE;Feeling the burn on this verse! 💪;ChatGPT 說這段經文有三個重點...;;;2026-01-27 17:37:09.699121+00;2026-01-27 17:37:13.830609+00
9899128c-1804-4251-9270-730dd53822ec;c76fe9c9-f2c1-445c-abc2-fe9bede2c2a1;656227bf-5fbe-4f84-9e4e-eb6bc242e55b;愛的冒險旅程;這句話深深觸動我的心;看到群眾的反應和耶穌形成對比;WARNING;Feeling the burn on this verse! 💪;根據 Google 搜尋，這段經文的歷史背景是...;這週每天早起10分鐘禱告;今天的查經讓我很感動，想為家人禱告;2026-01-27 16:43:16.031481+00;2026-01-27 16:43:29.634172+00
dd0a1567-ea1c-4611-8a6b-603a98d0215c;c76fe9c9-f2c1-445c-abc2-fe9bede2c2a1;a3d26465-bf08-4604-af80-b635769352ee;逆轉勝的故事;這是我今年最需要的提醒;看到了一個勇敢的人面對困難;GOD_ATTRIBUTE;跟我以前理解的完全不同;根據 Google 搜尋，這段經文的歷史背景是...;;;2026-01-27 16:43:20.797158+00;2026-01-27 16:43:29.634172+00
aacfec28-69a6-4ead-8dc9-b6f9f6132caa;c76fe9c9-f2c1-445c-abc2-fe9bede2c2a1;db8c13b6-c191-4b96-a8f4-c2f8ef356431;從灰燼中重生;這是我今年最需要的提醒;注意到人物的轉變過程很戲劇化;COMMAND;Feeling the burn on this verse! 💪;根據 Google 搜尋，這段經文的歷史背景是...;寫一封感謝信給神;下週想繼續深入研究這個主題;2026-01-27 16:43:16.031481+00;2026-01-27 16:43:29.634172+00
d00936b8-3d47-4bb9-acbb-63f4afc689fd;c76fe9c9-f2c1-445c-abc2-fe9bede2c2a1;eda2be8d-afb5-4f75-9669-edfdfb859c08;愛的冒險旅程;這是我今年最需要的提醒;發現神的信實貫穿整個故事;WARNING;跟我以前理解的完全不同;根據 Google 搜尋，這段經文的歷史背景是...;;;2026-01-27 16:43:18.663561+00;2026-01-27 16:43:29.634172+00
613144a9-578b-42a7-8d50-c4186d58df50;c76fe9c9-f2c1-445c-abc2-fe9bede2c2a1;c0213e6b-134f-4dfa-96c0-7adb547639c6;愛的冒險旅程;第五節讓我心跳加速！;看到了一個勇敢的人面對困難;COMMAND;跟我以前理解的完全不同;學者們對這段經文有不同的解讀...;;;2026-01-27 16:43:16.031481+00;2026-01-27 16:43:29.634172+00
2cdbf81c-8228-449b-81bd-23b762c36edf;577b2379-4fb5-44c6-b261-4b38af38ee1f;1ab375d9-9da9-48fa-8264-dc5f26ec9117;肚子好餓;;;;;;;;2026-01-28 09:29:46.04441+00;2026-01-28 09:29:50.586888+00
12153329-ee59-4798-bee0-1ff3ffcd07cf;03ad48a2-45a5-4f90-8e21-b263afc52cf1;717accdc-c038-4edc-afc4-5d3c54e57e6f;逆轉勝的故事;感覺神在直接對我說話;發現神的信實貫穿整個故事;COMMAND;這個發現讓我重新思考信仰;根據 Google 搜尋，這段經文的歷史背景是...;;;2026-01-27 17:37:09.699121+00;2026-01-27 17:37:11.385382+00
909e80f9-a5af-49a2-a107-6f5ece55e860;03ad48a2-45a5-4f90-8e21-b263afc52cf1;7d1c62dd-d169-4132-acaa-404725c00040;從灰燼中重生;第五節讓我心跳加速！;看到群眾的反應和耶穌形成對比;PROMISE;Feeling the burn on this verse! 💪;注釋書提到當時的文化背景...;;;2026-01-27 17:37:11.385382+00;2026-01-27 17:37:11.385382+00
2d192c03-313e-4016-9e0f-78439b8c8e4a;c76fe9c9-f2c1-445c-abc2-fe9bede2c2a1;0fdde515-e6ab-4c41-b58e-03f4651dc7bc;愛的冒險旅程;這句話深深觸動我的心;看到了一個勇敢的人面對困難;WARNING;Feeling the burn on this verse! 💪;注釋書提到當時的文化背景...;找一個朋友分享這段經文;感謝小組成員的分享！;2026-01-27 16:43:16.031481+00;2026-01-27 16:43:20.797158+00
622f3a8b-f818-4c9f-a670-f8da45bf5f96;c76fe9c9-f2c1-445c-abc2-fe9bede2c2a1;251819ab-3ed3-4b4c-a43b-4d5bcaff2c6e;信心的飛躍;第五節讓我心跳加速！;看到群眾的反應和耶穌形成對比;GOD_ATTRIBUTE;Feeling the burn on this verse! 💪;ChatGPT 說這段經文有三個重點...;;;2026-01-27 16:43:16.031481+00;2026-01-27 16:43:27.869061+00
3ae4c71b-4878-407e-9eec-395c7026f113;c76fe9c9-f2c1-445c-abc2-fe9bede2c2a1;c90b4406-b34e-40be-ab12-9f6c91d7c70d;勇氣的代價;感覺神在直接對我說話;看到了一個勇敢的人面對困難;WARNING;跟我以前理解的完全不同;根據 Google 搜尋，這段經文的歷史背景是...;這週每天早起10分鐘禱告;今天的查經讓我很感動，想為家人禱告;2026-01-27 16:43:18.663561+00;2026-01-27 16:43:27.869061+00
b1afbb6f-ff90-4e48-bdc0-2a73f2c298e0;c76fe9c9-f2c1-445c-abc2-fe9bede2c2a1;b3e08127-f1e9-4315-b6f7-16ffef0188f8;從灰燼中重生;感覺神在直接對我說話;發現神的信實貫穿整個故事;WARNING;這個發現讓我重新思考信仰;學者們對這段經文有不同的解讀...;找一個朋友分享這段經文;下週想繼續深入研究這個主題;2026-01-27 16:43:16.031481+00;2026-01-27 16:43:29.634172+00
97a4f09a-d1c0-4d66-b89e-0c430c5c1f24;c76fe9c9-f2c1-445c-abc2-fe9bede2c2a1;6992b087-c584-4b5b-a7a8-d5bb84bc3443;信心的飛躍;第五節讓我心跳加速！;注意到人物的轉變過程很戲劇化;PROMISE;跟我以前理解的完全不同;學者們對這段經文有不同的解讀...;寫一封感謝信給神;發現自己需要更多安靜的時間;2026-01-27 16:43:16.031481+00;2026-01-27 16:43:29.634172+00
6dd205b3-e160-427f-abe9-a13d4c1d3bb7;c76fe9c9-f2c1-445c-abc2-fe9bede2c2a1;e37b9a82-ce8f-41ee-b352-8d410c9c3162;信心的飛躍;第五節讓我心跳加速！;發現神的信實貫穿整個故事;;;;;;2026-01-27 16:43:18.663561+00;2026-01-27 16:43:29.634172+00
4d0c1494-d697-474c-933a-85dbc3e6c4c0;c76fe9c9-f2c1-445c-abc2-fe9bede2c2a1;5e4f99a8-552d-4332-8f5d-dac52fc2d512;恩典無限供應;感覺神在直接對我說話;看到群眾的反應和耶穌形成對比;;;;;;2026-01-27 16:43:20.797158+00;2026-01-27 16:43:29.634172+00
95b608ed-e671-4237-8665-f6e2dfd991cf;c76fe9c9-f2c1-445c-abc2-fe9bede2c2a1;d1a2af7c-d5f3-4422-af40-9a8bdb7ce335;逆轉勝的故事;這句話深深觸動我的心;發現神的信實貫穿整個故事;COMMAND;Feeling the burn on this verse! 💪;學者們對這段經文有不同的解讀...;;;2026-01-27 16:43:20.797158+00;2026-01-27 16:43:29.634172+00
e75a80cd-6ff5-473e-a617-4c3bcd1390b1;c76fe9c9-f2c1-445c-abc2-fe9bede2c2a1;dc089a5e-8a45-4839-b038-f0819fc77f65;逆轉勝的故事;第五節讓我心跳加速！;注意到人物的轉變過程很戲劇化;PROMISE;原來神的心意是這樣的;學者們對這段經文有不同的解讀...;找一個朋友分享這段經文;感謝小組成員的分享！;2026-01-27 16:43:20.797158+00;2026-01-27 16:43:29.634172+00
0982152a-9dba-4d84-8c6b-5f41c521e48b;c76fe9c9-f2c1-445c-abc2-fe9bede2c2a1;3450c3d2-6adf-46b3-a2a6-a018bd5d4880;勇氣的代價;這句話深深觸動我的心;看到了一個勇敢的人面對困難;;;;;;2026-01-27 16:43:18.663561+00;2026-01-27 16:43:29.634172+00
eed13aac-39b6-4f2c-90e8-c382bdca2bb4;c76fe9c9-f2c1-445c-abc2-fe9bede2c2a1;40a6ee93-2cbf-4b57-a46a-f1f122c62365;信心的飛躍;這是我今年最需要的提醒;發現神的信實貫穿整個故事;COMMAND;Feeling the burn on this verse! 💪;ChatGPT 說這段經文有三個重點...;;;2026-01-27 16:43:20.797158+00;2026-01-27 16:43:29.634172+00
3472e04c-49f7-453c-801f-00cc2ec57a62;03ad48a2-45a5-4f90-8e21-b263afc52cf1;1d7c4a29-7e31-4554-884c-c58ab3e5de29;愛的冒險旅程;第五節讓我心跳加速！;發現神的信實貫穿整個故事;COMMAND;這個發現讓我重新思考信仰;ChatGPT 說這段經文有三個重點...;實踐一次服務他人的行動;今天的查經讓我很感動，想為家人禱告;2026-01-27 17:37:09.699121+00;2026-01-27 17:37:13.830609+00
f211a155-fc08-4f74-8f7b-2cfa93b5e79f;03ad48a2-45a5-4f90-8e21-b263afc52cf1;c47fb0a3-368e-4491-9a13-6a115578d673;愛的冒險旅程;感覺神在直接對我說話;看到群眾的反應和耶穌形成對比;COMMAND;Feeling the burn on this verse! 💪;學者們對這段經文有不同的解讀...;;;2026-01-27 17:37:11.385382+00;2026-01-27 17:37:13.830609+00
7dba879d-7e54-4c8d-b392-b6dc71815752;03ad48a2-45a5-4f90-8e21-b263afc52cf1;ef49d032-d9c7-4b93-ba90-4a8204101369;勇氣的代價;這是我今年最需要的提醒;注意到人物的轉變過程很戲劇化;PROMISE;跟我以前理解的完全不同;注釋書提到當時的文化背景...;;;2026-01-27 17:37:09.699121+00;2026-01-27 17:37:13.830609+00
530b563c-20b7-46c6-8b9b-521641028122;03ad48a2-45a5-4f90-8e21-b263afc52cf1;20d03adf-17af-4d08-9998-f4f3e4e4e892;信心的飛躍;這句話深深觸動我的心;看到了一個勇敢的人面對困難;COMMAND;原來神的心意是這樣的;注釋書提到當時的文化背景...;找一個朋友分享這段經文;發現自己需要更多安靜的時間;2026-01-27 17:37:09.699121+00;2026-01-27 17:37:13.830609+00
6041476c-a1a3-4b66-85c6-86cec8959d5d;03ad48a2-45a5-4f90-8e21-b263afc52cf1;023beabf-9663-4c2c-9e13-03f2b2a32b3a;勇氣的代價;感覺神在直接對我說話;注意到人物的轉變過程很戲劇化;PROMISE;跟我以前理解的完全不同;ChatGPT 說這段經文有三個重點...;這週每天早起10分鐘禱告;今天的查經讓我很感動，想為家人禱告;2026-01-27 17:37:09.699121+00;2026-01-27 17:37:13.830609+00
4afca016-88d1-41ac-818a-c3de380be8c8;03ad48a2-45a5-4f90-8e21-b263afc52cf1;43b3d58f-9545-4ed1-bc2e-e27f52160cbe;逆轉勝的故事;第五節讓我心跳加速！;注意到人物的轉變過程很戲劇化;;;;;;2026-01-27 17:37:09.699121+00;2026-01-27 17:37:13.830609+00
2691885d-3258-42ed-803f-563c36998949;c76fe9c9-f2c1-445c-abc2-fe9bede2c2a1;9b3ae557-6bf9-4bb1-b6a6-ac9b22810ba7;恩典無限供應;感覺神在直接對我說話;發現神的信實貫穿整個故事;PROMISE;原來神的心意是這樣的;注釋書提到當時的文化背景...;;;2026-01-27 16:43:16.031481+00;2026-01-27 16:43:27.869061+00
4e562cce-e0d4-49eb-a2e5-1dbfdfa806af;c76fe9c9-f2c1-445c-abc2-fe9bede2c2a1;cf24cbb4-75ba-411e-ad56-26cc60103227;逆轉勝的故事;第五節讓我心跳加速！;發現神的信實貫穿整個故事;;;;;;2026-01-27 16:43:16.031481+00;2026-01-27 16:43:27.869061+00
f161416a-7b29-4ec8-aa29-213d78516dc1;c76fe9c9-f2c1-445c-abc2-fe9bede2c2a1;ed06dbb0-d1db-478c-892d-8f8f591beb99;信心的飛躍;感覺神在直接對我說話;發現神的信實貫穿整個故事;WARNING;跟我以前理解的完全不同;根據 Google 搜尋，這段經文的歷史背景是...;寫一封感謝信給神;發現自己需要更多安靜的時間;2026-01-27 16:43:18.663561+00;2026-01-27 16:43:27.869061+00
e8755644-147a-4284-a76c-2cad6e839945;c76fe9c9-f2c1-445c-abc2-fe9bede2c2a1;362916d1-4ece-4700-b93e-9d2d4f2f1b0b;恩典無限供應;感覺神在直接對我說話;注意到人物的轉變過程很戲劇化;PROMISE;Feeling the burn on this verse! 💪;注釋書提到當時的文化背景...;;;2026-01-27 16:43:20.797158+00;2026-01-27 16:43:29.634172+00
f250ac40-fc27-40e4-903b-ca02cdd8bc78;c76fe9c9-f2c1-445c-abc2-fe9bede2c2a1;a4d272af-f452-42ff-92b1-0e402585b907;逆轉勝的故事;這是我今年最需要的提醒;發現神的信實貫穿整個故事;;;;;;2026-01-27 16:43:16.031481+00;2026-01-27 16:43:29.634172+00
5041e729-3e4b-432a-bdfc-1ea05a63d3f4;c76fe9c9-f2c1-445c-abc2-fe9bede2c2a1;c6529acc-d3ee-4873-9565-0f1ea20610fe;勇氣的代價;這句話深深觸動我的心;看到群眾的反應和耶穌形成對比;GOD_ATTRIBUTE;Feeling the burn on this verse! 💪;根據 Google 搜尋，這段經文的歷史背景是...;寫一封感謝信給神;感謝小組成員的分享！;2026-01-27 16:43:27.869061+00;2026-01-27 16:43:29.634172+00
4013f881-d8b5-4c11-b13d-e8ae2cd9d057;c76fe9c9-f2c1-445c-abc2-fe9bede2c2a1;81943898-bf27-48b4-a4e8-b91268358925;信心的飛躍;第五節讓我心跳加速！;注意到人物的轉變過程很戲劇化;GOD_ATTRIBUTE;原來神的心意是這樣的;根據 Google 搜尋，這段經文的歷史背景是...;;;2026-01-27 16:43:18.663561+00;2026-01-27 16:43:29.634172+00
9cdf12d1-d01e-40c1-b507-1eb74ef34611;c76fe9c9-f2c1-445c-abc2-fe9bede2c2a1;1dc02228-e47e-4190-9a79-8f58d350e129;逆轉勝的故事;這句話深深觸動我的心;發現神的信實貫穿整個故事;GOD_ATTRIBUTE;Feeling the burn on this verse! 💪;學者們對這段經文有不同的解讀...;實踐一次服務他人的行動;發現自己需要更多安靜的時間;2026-01-27 16:43:16.031481+00;2026-01-27 16:43:29.634172+00
55ceee07-7094-43af-b2e5-90bf505d490c;c76fe9c9-f2c1-445c-abc2-fe9bede2c2a1;1f983152-305a-4274-a862-ba4a555f8fd1;從灰燼中重生;第五節讓我心跳加速！;注意到人物的轉變過程很戲劇化;PROMISE;這個發現讓我重新思考信仰;根據 Google 搜尋，這段經文的歷史背景是...;這週每天早起10分鐘禱告;下週想繼續深入研究這個主題;2026-01-27 16:43:16.031481+00;2026-01-27 16:43:29.634172+00
00188b98-b6c1-4218-88e4-87182827a558;c76fe9c9-f2c1-445c-abc2-fe9bede2c2a1;d91c505d-d832-4489-8a1b-c0ebe0dd3b8c;愛的冒險旅程;這是我今年最需要的提醒;發現神的信實貫穿整個故事;COMMAND;跟我以前理解的完全不同;學者們對這段經文有不同的解讀...;寫一封感謝信給神;下週想繼續深入研究這個主題;2026-01-27 16:43:16.031481+00;2026-01-27 16:43:29.634172+00
8a882f50-9495-4fb1-8db6-a57469414aa2;c76fe9c9-f2c1-445c-abc2-fe9bede2c2a1;ad396363-b013-481b-ace3-7105f9c34a31;信心的飛躍;感覺神在直接對我說話;看到了一個勇敢的人面對困難;;;;;;2026-01-27 16:43:16.031481+00;2026-01-27 16:43:29.634172+00
2f774aad-c5bd-49c5-9906-f430a733dbb6;c76fe9c9-f2c1-445c-abc2-fe9bede2c2a1;f2446d6c-cee7-436a-9fa2-b6559323c6fd;恩典無限供應;第五節讓我心跳加速！;看到群眾的反應和耶穌形成對比;PROMISE;這個發現讓我重新思考信仰;學者們對這段經文有不同的解讀...;;;2026-01-27 16:43:16.031481+00;2026-01-27 16:43:29.634172+00
ad6dce93-ebba-4f0d-b855-7bacf888af3a;c76fe9c9-f2c1-445c-abc2-fe9bede2c2a1;a30617a6-7590-4abf-acbc-0a4e622e659a;恩典無限供應;這句話深深觸動我的心;發現神的信實貫穿整個故事;COMMAND;跟我以前理解的完全不同;注釋書提到當時的文化背景...;找一個朋友分享這段經文;發現自己需要更多安靜的時間;2026-01-27 16:43:18.663561+00;2026-01-27 16:43:29.634172+00
65e33b8d-4188-400a-a78d-e7def5297e78;c76fe9c9-f2c1-445c-abc2-fe9bede2c2a1;2111aea6-7774-4d91-933a-6dac62712258;逆轉勝的故事;感覺神在直接對我說話;看到群眾的反應和耶穌形成對比;GOD_ATTRIBUTE;Feeling the burn on this verse! 💪;ChatGPT 說這段經文有三個重點...;;;2026-01-27 16:43:18.663561+00;2026-01-27 16:43:29.634172+00
5b8b2d76-2936-48b0-8af6-237aa422a732;03ad48a2-45a5-4f90-8e21-b263afc52cf1;a4db7596-4f06-476b-aac4-64b39965917f;勇氣的代價;這句話深深觸動我的心;注意到人物的轉變過程很戲劇化;COMMAND;跟我以前理解的完全不同;根據 Google 搜尋，這段經文的歷史背景是...;;;2026-01-27 17:37:09.699121+00;2026-01-27 17:37:13.830609+00
491add24-16d7-43d6-9b0e-1ce209ec40c9;03ad48a2-45a5-4f90-8e21-b263afc52cf1;86865423-91c7-43d9-bc9a-656f42e351c7;從灰燼中重生;這句話深深觸動我的心;發現神的信實貫穿整個故事;;;;;;2026-01-27 17:37:09.699121+00;2026-01-27 17:37:13.830609+00
c137753e-e977-417e-8660-bdbe4d2de588;03ad48a2-45a5-4f90-8e21-b263afc52cf1;a81b4dbb-f890-40bf-9426-e880b821c5d3;逆轉勝的故事;感覺神在直接對我說話;注意到人物的轉變過程很戲劇化;COMMAND;Feeling the burn on this verse! 💪;注釋書提到當時的文化背景...;;;2026-01-27 17:37:09.699121+00;2026-01-27 17:37:13.830609+00
1bb11303-fb1f-4236-be60-ae62d1b6d70b;03ad48a2-45a5-4f90-8e21-b263afc52cf1;beb03f22-b216-411e-b163-31343392a644;勇氣的代價;這句話深深觸動我的心;看到了一個勇敢的人面對困難;WARNING;原來神的心意是這樣的;根據 Google 搜尋，這段經文的歷史背景是...;實踐一次服務他人的行動;發現自己需要更多安靜的時間;2026-01-27 17:37:09.699121+00;2026-01-27 17:37:13.830609+00
e987d2b1-612b-4b32-aa4d-c3abca854cfa;03ad48a2-45a5-4f90-8e21-b263afc52cf1;f917fb4e-9ce4-4f4e-acd4-a806dce23774;從灰燼中重生;第五節讓我心跳加速！;注意到人物的轉變過程很戲劇化;PROMISE;原來神的心意是這樣的;ChatGPT 說這段經文有三個重點...;;;2026-01-27 17:37:09.699121+00;2026-01-27 17:37:13.830609+00
f5eff134-a709-4e90-ba30-63cb2a9b9ba4;c76fe9c9-f2c1-445c-abc2-fe9bede2c2a1;b24a0a29-17a7-4c4f-a350-6182b36b52ed;愛的冒險旅程;這是我今年最需要的提醒;注意到人物的轉變過程很戲劇化;PROMISE;Feeling the burn on this verse! 💪;ChatGPT 說這段經文有三個重點...;找一個朋友分享這段經文;今天的查經讓我很感動，想為家人禱告;2026-01-27 16:43:16.031481+00;2026-01-27 16:43:29.634172+00
91648d2a-3b64-408e-bb51-24e2330ee6f3;c76fe9c9-f2c1-445c-abc2-fe9bede2c2a1;8fb358e3-6a4d-42cf-b70a-13e354418b6d;勇氣的代價;這句話深深觸動我的心;看到群眾的反應和耶穌形成對比;PROMISE;跟我以前理解的完全不同;根據 Google 搜尋，這段經文的歷史背景是...;實踐一次服務他人的行動;今天的查經讓我很感動，想為家人禱告;2026-01-27 16:43:16.031481+00;2026-01-27 16:43:29.634172+00
78a5ce97-73c4-478f-a6d6-71f54f12ad55;c76fe9c9-f2c1-445c-abc2-fe9bede2c2a1;cb72ebed-b2e1-4aba-b3e8-2ccf2a2915f4;從灰燼中重生;第五節讓我心跳加速！;注意到人物的轉變過程很戲劇化;GOD_ATTRIBUTE;這個發現讓我重新思考信仰;根據 Google 搜尋，這段經文的歷史背景是...;找一個朋友分享這段經文;感謝小組成員的分享！;2026-01-27 16:43:18.663561+00;2026-01-27 16:43:29.634172+00
e2141157-6847-4546-8a0a-6382e8765778;c76fe9c9-f2c1-445c-abc2-fe9bede2c2a1;a1fb8265-d41f-44ba-96e5-1ac66f5f56df;逆轉勝的故事;這是我今年最需要的提醒;發現神的信實貫穿整個故事;;;;;;2026-01-27 16:43:16.031481+00;2026-01-27 16:43:29.634172+00
3c9546f2-3ca5-43cb-912d-b6f120329266;c76fe9c9-f2c1-445c-abc2-fe9bede2c2a1;19f0c185-2ff5-4d8e-9deb-d117309d2f61;愛的冒險旅程;這句話深深觸動我的心;發現神的信實貫穿整個故事;WARNING;跟我以前理解的完全不同;注釋書提到當時的文化背景...;實踐一次服務他人的行動;感謝小組成員的分享！;2026-01-27 16:43:16.031481+00;2026-01-27 16:43:29.634172+00
997d1eb3-8f5b-454f-b287-59b0bc2472a3;c76fe9c9-f2c1-445c-abc2-fe9bede2c2a1;6dd9544f-675a-4bd4-a4b9-feb12a7a5c53;勇氣的代價;這句話深深觸動我的心;發現神的信實貫穿整個故事;WARNING;原來神的心意是這樣的;注釋書提到當時的文化背景...;找一個朋友分享這段經文;感謝小組成員的分享！;2026-01-27 16:43:20.797158+00;2026-01-27 16:43:29.634172+00
0d4ee863-6b53-46ff-a968-744c426d6087;c76fe9c9-f2c1-445c-abc2-fe9bede2c2a1;cd945fbd-fb62-4604-9d5f-e872d6eea5f4;從灰燼中重生;感覺神在直接對我說話;發現神的信實貫穿整個故事;GOD_ATTRIBUTE;Feeling the burn on this verse! 💪;學者們對這段經文有不同的解讀...;;;2026-01-27 16:43:16.031481+00;2026-01-27 16:43:29.634172+00
9338340b-4293-468e-b66e-9ebaf620aec5;c76fe9c9-f2c1-445c-abc2-fe9bede2c2a1;56b9d2e9-dded-4e74-8853-d98c36bf2fb7;愛的冒險旅程;第五節讓我心跳加速！;看到了一個勇敢的人面對困難;;;;;;2026-01-27 16:43:20.797158+00;2026-01-27 16:43:29.634172+00
e835670f-21aa-442f-b6a5-0b63576ef6e7;c76fe9c9-f2c1-445c-abc2-fe9bede2c2a1;ce82f9c0-f0cb-4cd8-afd1-89a80447d1f1;愛的冒險旅程;這句話深深觸動我的心;注意到人物的轉變過程很戲劇化;WARNING;原來神的心意是這樣的;ChatGPT 說這段經文有三個重點...;寫一封感謝信給神;今天的查經讓我很感動，想為家人禱告;2026-01-27 16:43:16.031481+00;2026-01-27 16:43:29.634172+00
7a65e49d-1193-40f4-952c-ac4f58bbe5c7;c76fe9c9-f2c1-445c-abc2-fe9bede2c2a1;02b5bca8-7c4c-4821-92f1-87e68f4df68e;從灰燼中重生;這句話深深觸動我的心;看到了一個勇敢的人面對困難;PROMISE;跟我以前理解的完全不同;根據 Google 搜尋，這段經文的歷史背景是...;實踐一次服務他人的行動;感謝小組成員的分享！;2026-01-27 16:43:16.031481+00;2026-01-27 16:43:29.634172+00
7c3271d9-754b-4ecb-8416-81b3f0f358a6;03ad48a2-45a5-4f90-8e21-b263afc52cf1;d4c15343-1662-49c6-8bca-3f22fa75a393;恩典無限供應;這是我今年最需要的提醒;發現神的信實貫穿整個故事;;;;;;2026-01-27 17:37:09.699121+00;2026-01-27 17:37:11.385382+00
e57bf538-c41b-413b-a3a0-fc56e05367f4;03ad48a2-45a5-4f90-8e21-b263afc52cf1;3546c129-e72d-4cbf-8d6f-0e5c07bd5896;恩典無限供應;感覺神在直接對我說話;看到群眾的反應和耶穌形成對比;;;;;;2026-01-27 17:37:11.385382+00;2026-01-27 17:37:11.385382+00
aa6b1b88-eaf0-4086-8db0-434afc159834;03ad48a2-45a5-4f90-8e21-b263afc52cf1;1b51c5f4-3376-4f4a-9127-e7ced8b5bd3a;信心的飛躍;這是我今年最需要的提醒;看到群眾的反應和耶穌形成對比;COMMAND;Feeling the burn on this verse! 💪;ChatGPT 說這段經文有三個重點...;寫一封感謝信給神;發現自己需要更多安靜的時間;2026-01-27 17:37:09.699121+00;2026-01-27 17:37:12.888571+00
fea9de5b-1966-41c7-b115-d6efe712e0ba;03ad48a2-45a5-4f90-8e21-b263afc52cf1;78ab750f-8f7d-45f4-9835-2cdb7b0ca050;勇氣的代價;這是我今年最需要的提醒;發現神的信實貫穿整個故事;PROMISE;Feeling the burn on this verse! 💪;注釋書提到當時的文化背景...;寫一封感謝信給神;發現自己需要更多安靜的時間;2026-01-27 17:37:12.888571+00;2026-01-27 17:37:13.830609+00
0db03aa2-3cc1-44ca-a5d2-691de007463e;03ad48a2-45a5-4f90-8e21-b263afc52cf1;99ec09a1-8b01-483b-bc8e-c6430cb3cd4b;逆轉勝的故事;感覺神在直接對我說話;發現神的信實貫穿整個故事;;;;;;2026-01-27 17:37:09.699121+00;2026-01-27 17:37:13.830609+00
f0b06ed2-4b4a-4d3b-9a15-1f306d2425e3;03ad48a2-45a5-4f90-8e21-b263afc52cf1;ae7e0adc-6748-4fd7-8dee-eb6eca0e3a3c;恩典無限供應;這是我今年最需要的提醒;注意到人物的轉變過程很戲劇化;GOD_ATTRIBUTE;跟我以前理解的完全不同;ChatGPT 說這段經文有三個重點...;;;2026-01-27 17:37:11.385382+00;2026-01-27 17:37:13.830609+00
298541e8-9331-4fb2-a93d-27a45fe9f6df;03ad48a2-45a5-4f90-8e21-b263afc52cf1;80c166c5-f48a-48d4-9e9b-7d72f8eb73fc;逆轉勝的故事;感覺神在直接對我說話;發現神的信實貫穿整個故事;COMMAND;跟我以前理解的完全不同;根據 Google 搜尋，這段經文的歷史背景是...;;;2026-01-27 17:37:09.699121+00;2026-01-27 17:37:13.830609+00
fda0b7e7-ddce-4cbf-9f3e-00fa49a0a6f5;03ad48a2-45a5-4f90-8e21-b263afc52cf1;e64307a2-ebe5-4bd2-8583-835deee1716e;愛的冒險旅程;這句話深深觸動我的心;注意到人物的轉變過程很戲劇化;WARNING;原來神的心意是這樣的;根據 Google 搜尋，這段經文的歷史背景是...;這週每天早起10分鐘禱告;感謝小組成員的分享！;2026-01-27 17:37:12.888571+00;2026-01-27 17:37:13.830609+00
fed31ad2-d423-4592-b675-eac64ea72f29;03ad48a2-45a5-4f90-8e21-b263afc52cf1;f86e2312-63e4-4a1b-a5da-ca1475388de1;信心的飛躍;這句話深深觸動我的心;看到了一個勇敢的人面對困難;;;;;;2026-01-27 17:37:09.699121+00;2026-01-27 17:37:13.830609+00
1ecbee9c-2f8f-4542-ace4-4778f7d8bd64;03ad48a2-45a5-4f90-8e21-b263afc52cf1;5d9deaf3-a9ec-4a68-b8f1-2fb0bc8c55f3;逆轉勝的故事;感覺神在直接對我說話;發現神的信實貫穿整個故事;;;;;;2026-01-27 17:37:11.385382+00;2026-01-27 17:37:13.830609+00
7eb1dbdf-22ef-4787-8ed2-30ed7381b495;03ad48a2-45a5-4f90-8e21-b263afc52cf1;b7107ca9-a1e9-46ea-aad0-3d40657dcea9;信心的飛躍;這是我今年最需要的提醒;看到了一個勇敢的人面對困難;PROMISE;Feeling the burn on this verse! 💪;ChatGPT 說這段經文有三個重點...;寫一封感謝信給神;下週想繼續深入研究這個主題;2026-01-27 17:37:11.385382+00;2026-01-27 17:37:13.830609+00
23795b4f-9d00-4a43-b948-acab5961be57;03ad48a2-45a5-4f90-8e21-b263afc52cf1;aa3d6d21-16c3-472d-8463-7825a0a810ba;逆轉勝的故事;第五節讓我心跳加速！;注意到人物的轉變過程很戲劇化;WARNING;原來神的心意是這樣的;ChatGPT 說這段經文有三個重點...;;;2026-01-27 17:37:09.699121+00;2026-01-27 17:37:13.830609+00
0fe4bbad-b553-4b60-b4c5-e7610636a403;03ad48a2-45a5-4f90-8e21-b263afc52cf1;1d9a0a32-9201-42c1-85c3-64a1614f944d;恩典無限供應;這句話深深觸動我的心;看到群眾的反應和耶穌形成對比;;;;;;2026-01-27 17:37:09.699121+00;2026-01-27 17:37:13.830609+00
39c85c99-b3e4-4156-8162-da687648bd5e;03ad48a2-45a5-4f90-8e21-b263afc52cf1;c754e8e1-356b-4566-8ea2-ff8a189ab9da;愛的冒險旅程;這句話深深觸動我的心;發現神的信實貫穿整個故事;PROMISE;跟我以前理解的完全不同;根據 Google 搜尋，這段經文的歷史背景是...;寫一封感謝信給神;下週想繼續深入研究這個主題;2026-01-27 17:37:11.385382+00;2026-01-27 17:37:13.830609+00